Nombre;Fecha;Origen;Aeropuerto Origen;Ciudad Origen;Pais Origen;Destino;Aeropuerto Destino;Ciudad Destino;Pais Destino;Tráfico (N/I);Pasajeros;Carga + Correo (Kg);Distancia (KM);Tiempo (MIN);;
SAE;5/03/2024;9DI;SAN FELIPE;SAN FELIPE;COLOMBIA;IDA;CESAR GAVIRIA TRUJILLO;PUERTO INIRIDA;COLOMBIA;N;6;45;1634;3298;;12433
SAE;27/07/2024;9DI;SAN FELIPE;SAN FELIPE;COLOMBIA;PCE;CUMARIBO;PUERTO CARRENO;COLOMBIA;N;0;45;2809;7201.5;;
SAE;22/04/2024;AUC;ARAUCA - SANTIAGO PEREZ QUIROZ;ARAUCA - MUNICIPIO;COLOMBIA;VVC;VANGUARDIA;VILLAVICENCIO;COLOMBIA;N;2;23;1889;5303.5;;
SAE;12/08/2024;BMG;BARRANCOMINAS;GUAINIA (BARRANCO MINAS);COLOMBIA;VVC;VANGUARDIA;VILLAVICENCIO;COLOMBIA;N;5;45;2119;7075.5;;
SAE;17/06/2024;IDA;CESAR GAVIRIA TRUJILLO;PUERTO INIRIDA;COLOMBIA;9DI;SAN FELIPE;SAN FELIPE;COLOMBIA;N;1;45;3345;9070.5;;
SAE;20/01/2024;LQM;PUERTO LEGUIZAMO;PUERTO LEGUIZAMO;COLOMBIA;VVC;VANGUARDIA;VILLAVICENCIO;COLOMBIA;N;2;23;1655;6375.5;;
SAE;1/03/2024;MVP;MITU;MITU;COLOMBIA;VVC;VANGUARDIA;VILLAVICENCIO;COLOMBIA;N;3;23;3697;10289.5;;
SAE;10/01/2024;PCE;CUMARIBO;PUERTO CARRENO;COLOMBIA;9DI;SAN FELIPE;SAN FELIPE;COLOMBIA;N;0;45;769;3861.5;;
SAE;3/08/2024;PCE;CUMARIBO;PUERTO CARRENO;COLOMBIA;VVC;VANGUARDIA;VILLAVICENCIO;COLOMBIA;N;56;362;1434;3326;;
SAE;7/04/2024;VVC;VANGUARDIA;VILLAVICENCIO;COLOMBIA;AUC;ARAUCA - SANTIAGO PEREZ QUIROZ;ARAUCA - MUNICIPIO;COLOMBIA;N;2;27;2491;5718.5;;
SAE;22/04/2024;VVC;VANGUARDIA;VILLAVICENCIO;COLOMBIA;BMG;BARRANCOMINAS;GUAINIA (BARRANCO MINAS);COLOMBIA;N;0;0;2500;7575;;
SAE;17/06/2024;VVC;VANGUARDIA;VILLAVICENCIO;COLOMBIA;LQM;PUERTO LEGUIZAMO;PUERTO LEGUIZAMO;COLOMBIA;N;2;32;2941;4836.5;;
SAE;23/01/2024;VVC;VANGUARDIA;VILLAVICENCIO;COLOMBIA;MVP;MITU;MITU;COLOMBIA;N;1;23;4874;11016;;
SAE;17/03/2024;VVC;VANGUARDIA;VILLAVICENCIO;COLOMBIA;PCE;CUMARIBO;PUERTO CARRENO;COLOMBIA;N;34;336;895;2469.5;;
SAE;4/07/2024;VVC;VANGUARDIA;VILLAVICENCIO;COLOMBIA;VVC;VANGUARDIA;VILLAVICENCIO;COLOMBIA;N;1;0;685;5818.5;;
GOOD FLY CO SAS;4/04/2024;A04;SANTA ROSA DEL SUR;SANTA ROSA DEL SUR;COLOMBIA;EOH;MEDELLIN - OLAYA HERRERA;MEDELLIN;COLOMBIA;N;6;40;2621;6140.5;;
GOOD FLY CO SAS;7/03/2024;BSC;BAHIA SOLANO - JOSE C. MUTIS;BAHIA SOLANO;COLOMBIA;EOH;MEDELLIN - OLAYA HERRERA;MEDELLIN;COLOMBIA;N;2;0;3445;9032.5;;
GOOD FLY CO SAS;7/02/2024;CAQ;CAUCASIA- JUAN H. WHITE;CAUCASIA;COLOMBIA;EOH;MEDELLIN - OLAYA HERRERA;MEDELLIN;COLOMBIA;N;9;286;871;1388.5;;
GOOD FLY CO SAS;3/02/2024;CLO;CALI - ALFONSO BONILLA ARAGON;CALI;COLOMBIA;PPN;GUILLERMO LEON VALENCIA;POPAYAN;COLOMBIA;N;2;45;1643;6602.5;;
GOOD FLY CO SAS;7/04/2024;COG;CONDOTO MANDINGA;CONDOTO;COLOMBIA;EOH;MEDELLIN - OLAYA HERRERA;MEDELLIN;COLOMBIA;N;2;0;3857;6014.5;;
GOOD FLY CO SAS;3/01/2024;EOH;MEDELLIN - OLAYA HERRERA;MEDELLIN;COLOMBIA;A04;SANTA ROSA DEL SUR;SANTA ROSA DEL SUR;COLOMBIA;N;6;48;177;1587.5;;
GOOD FLY CO SAS;3/06/2024;EOH;MEDELLIN - OLAYA HERRERA;MEDELLIN;COLOMBIA;BSC;BAHIA SOLANO - JOSE C. MUTIS;BAHIA SOLANO;COLOMBIA;N;2;40;2110;3738;;
GOOD FLY CO SAS;28/01/2024;EOH;MEDELLIN - OLAYA HERRERA;MEDELLIN;COLOMBIA;CAQ;CAUCASIA- JUAN H. WHITE;CAUCASIA;COLOMBIA;N;9;0;1728;2707;;
GOOD FLY CO SAS;21/04/2024;EOH;MEDELLIN - OLAYA HERRERA;MEDELLIN;COLOMBIA;CLO;CALI - ALFONSO BONILLA ARAGON;CALI;COLOMBIA;N;2;0;2589;5583.5;;
GOOD FLY CO SAS;5/03/2024;EOH;MEDELLIN - OLAYA HERRERA;MEDELLIN;COLOMBIA;COG;CONDOTO MANDINGA;CONDOTO;COLOMBIA;N;2;40;164;3176;;
GOOD FLY CO SAS;20/04/2024;EOH;MEDELLIN - OLAYA HERRERA;MEDELLIN;COLOMBIA;PPN;GUILLERMO LEON VALENCIA;POPAYAN;COLOMBIA;N;4;25;820;3697;;
GOOD FLY CO SAS;9/04/2024;EOH;MEDELLIN - OLAYA HERRERA;MEDELLIN;COLOMBIA;UIB;QUIBDO - EL CARAÑO;QUIBDO;COLOMBIA;N;2;0;1049;3653.5;;
GOOD FLY CO SAS;12/03/2024;EOH;MEDELLIN - OLAYA HERRERA;MEDELLIN;COLOMBIA;URR;URRAO;URRAO;COLOMBIA;N;2;60;4506;10470;;
GOOD FLY CO SAS;21/03/2024;EOH;MEDELLIN - OLAYA HERRERA;MEDELLIN;COLOMBIA;VUP;ALFONSO LOPEZ PUMAREJO.;VALLEDUPAR;COLOMBIA;N;2;0;4992;8412;;
GOOD FLY CO SAS;4/08/2024;PPN;GUILLERMO LEON VALENCIA;POPAYAN;COLOMBIA;EOH;MEDELLIN - OLAYA HERRERA;MEDELLIN;COLOMBIA;N;6;90;1490;2813;;
GOOD FLY CO SAS;9/08/2024;UIB;QUIBDO - EL CARAÑO;QUIBDO;COLOMBIA;EOH;MEDELLIN - OLAYA HERRERA;MEDELLIN;COLOMBIA;N;2;40;1194;1963;;
GOOD FLY CO SAS;18/05/2024;URR;URRAO;URRAO;COLOMBIA;EOH;MEDELLIN - OLAYA HERRERA;MEDELLIN;COLOMBIA;N;2;20;2614;6739;;
GOOD FLY CO SAS;20/01/2024;VUP;ALFONSO LOPEZ PUMAREJO.;VALLEDUPAR;COLOMBIA;EOH;MEDELLIN - OLAYA HERRERA;MEDELLIN;COLOMBIA;N;2;35;3414;5938;;
ALLAS S.A.S;15/03/2024;9DI;SAN FELIPE;SAN FELIPE;COLOMBIA;IDA;CESAR GAVIRIA TRUJILLO;PUERTO INIRIDA;COLOMBIA;N;26;2030;2183;7915.5;;
ALLAS S.A.S;3/06/2024;9OX;PANORAMA;LA PRIMAVERA;COLOMBIA;PIM;LA PRIMAVERA;LA PRIMAVERA;COLOMBIA;N;1;0;528;2057;;
ALLAS S.A.S;16/01/2024;BMG;BARRANCOMINAS;GUAINIA (BARRANCO MINAS);COLOMBIA;IDA;CESAR GAVIRIA TRUJILLO;PUERTO INIRIDA;COLOMBIA;N;25;4290;697;1712.5;;
ALLAS S.A.S;14/06/2024;BMG;BARRANCOMINAS;GUAINIA (BARRANCO MINAS);COLOMBIA;PCE;CUMARIBO;PUERTO CARRENO;COLOMBIA;N;18;4030;4798;8924;;
ALLAS S.A.S;6/03/2024;BMG;BARRANCOMINAS;GUAINIA (BARRANCO MINAS);COLOMBIA;VVC;VANGUARDIA;VILLAVICENCIO;COLOMBIA;N;45;12080;3210;9612;;
ALLAS S.A.S;4/08/2024;IDA;CESAR GAVIRIA TRUJILLO;PUERTO INIRIDA;COLOMBIA;9DI;SAN FELIPE;SAN FELIPE;COLOMBIA;N;22;8040;4798;9556;;
ALLAS S.A.S;20/06/2024;IDA;CESAR GAVIRIA TRUJILLO;PUERTO INIRIDA;COLOMBIA;BMG;BARRANCOMINAS;GUAINIA (BARRANCO MINAS);COLOMBIA;N;36;2650;381;3219.5;;
ALLAS S.A.S;9/02/2024;LMC;LA MACARENA - META;LA MACARENA;COLOMBIA;VCC;EL DIAMANTE -  META;SAN CARLOS DE GUAROA;COLOMBIA;N;0;0;2169;7706.5;;
ALLAS S.A.S;15/06/2024;LMC;LA MACARENA - META;LA MACARENA;COLOMBIA;VVC;VANGUARDIA;VILLAVICENCIO;COLOMBIA;N;5;59;829;3474.5;;
ALLAS S.A.S;20/02/2024;LPD;LA PEDRERA;LA PEDRERA;COLOMBIA;TAR;TARAIRA;TARAIRA;COLOMBIA;N;25;22650;391;630.5;;
ALLAS S.A.S;11/04/2024;PCE;CUMARIBO;PUERTO CARRENO;COLOMBIA;BMG;BARRANCOMINAS;GUAINIA (BARRANCO MINAS);COLOMBIA;N;8;1400;4801;8652.5;;
ALLAS S.A.S;11/05/2024;PCE;CUMARIBO;PUERTO CARRENO;COLOMBIA;PIM;LA PRIMAVERA;LA PRIMAVERA;COLOMBIA;N;5;45;4735;10495.5;;
ALLAS S.A.S;9/08/2024;PCE;CUMARIBO;PUERTO CARRENO;COLOMBIA;SRO;SANTA ROSALIA;SANTA ROSALIA;COLOMBIA;N;0;0;311;1768.5;;
ALLAS S.A.S;6/08/2024;PCE;CUMARIBO;PUERTO CARRENO;COLOMBIA;VVC;VANGUARDIA;VILLAVICENCIO;COLOMBIA;N;29;2693;3737;6844.5;;
ALLAS S.A.S;26/02/2024;PCR;GERMAN OLANO;PUERTO CARRENO;COLOMBIA;PCE;CUMARIBO;PUERTO CARRENO;COLOMBIA;N;5;45;1215;5658.5;;
ALLAS S.A.S;1/02/2024;PIM;LA PRIMAVERA;LA PRIMAVERA;COLOMBIA;VVC;VANGUARDIA;VILLAVICENCIO;COLOMBIA;N;7;58;1956;4364;;
ALLAS S.A.S;8/05/2024;SJE;SAN JOSE DEL GUAVIARE- JORGE E GONZ;SAN JOSE DEL GUAVIARE;COLOMBIA;TAR;TARAIRA;TARAIRA;COLOMBIA;N;11;7380;1392;6321;;
ALLAS S.A.S;17/05/2024;SRO;SANTA ROSALIA;SANTA ROSALIA;COLOMBIA;VVC;VANGUARDIA;VILLAVICENCIO;COLOMBIA;N;10;90;1520;4879;;
ALLAS S.A.S;24/01/2024;TAR;TARAIRA;TARAIRA;COLOMBIA;LPD;LA PEDRERA;LA PEDRERA;COLOMBIA;N;8;8020;3596;9022;;
ALLAS S.A.S;1/04/2024;TAR;TARAIRA;TARAIRA;COLOMBIA;SJE;SAN JOSE DEL GUAVIARE- JORGE E GONZ;SAN JOSE DEL GUAVIARE;COLOMBIA;N;23;1220;2977;8887.5;;
ALLAS S.A.S;20/03/2024;TAR;TARAIRA;TARAIRA;COLOMBIA;VVC;VANGUARDIA;VILLAVICENCIO;COLOMBIA;N;9;5390;3092;5636;;
ALLAS S.A.S;3/02/2024;TME;TAME;TAME;COLOMBIA;VVC;VANGUARDIA;VILLAVICENCIO;COLOMBIA;N;3;20;3230;9514;;
ALLAS S.A.S;14/07/2024;VVC;VANGUARDIA;VILLAVICENCIO;COLOMBIA;9OX;PANORAMA;LA PRIMAVERA;COLOMBIA;N;2;14;4541;10692.5;;
ALLAS S.A.S;24/04/2024;VVC;VANGUARDIA;VILLAVICENCIO;COLOMBIA;BMG;BARRANCOMINAS;GUAINIA (BARRANCO MINAS);COLOMBIA;N;104;8401;3266;9118;;
ALLAS S.A.S;14/07/2024;VVC;VANGUARDIA;VILLAVICENCIO;COLOMBIA;LMC;LA MACARENA - META;LA MACARENA;COLOMBIA;N;7;50;2973;9053.5;;
ALLAS S.A.S;24/05/2024;VVC;VANGUARDIA;VILLAVICENCIO;COLOMBIA;PCE;CUMARIBO;PUERTO CARRENO;COLOMBIA;N;36;712;3127;9006.5;;
ALLAS S.A.S;8/01/2024;VVC;VANGUARDIA;VILLAVICENCIO;COLOMBIA;PCR;GERMAN OLANO;PUERTO CARRENO;COLOMBIA;N;0;0;1384;4082;;
ALLAS S.A.S;25/05/2024;VVC;VANGUARDIA;VILLAVICENCIO;COLOMBIA;PIM;LA PRIMAVERA;LA PRIMAVERA;COLOMBIA;N;4;54;3339;7039.5;;
ALLAS S.A.S;4/05/2024;VVC;VANGUARDIA;VILLAVICENCIO;COLOMBIA;SRO;SANTA ROSALIA;SANTA ROSALIA;COLOMBIA;N;5;18;376;1218;;
ALLAS S.A.S;24/06/2024;VVC;VANGUARDIA;VILLAVICENCIO;COLOMBIA;TAR;TARAIRA;TARAIRA;COLOMBIA;N;27;4680;1669;6296.5;;
ALLAS S.A.S;3/07/2024;VVC;VANGUARDIA;VILLAVICENCIO;COLOMBIA;VVC;VANGUARDIA;VILLAVICENCIO;COLOMBIA;N;0;0;1883;7272.5;;
INTEREJECUTIVA;23/01/2024;BAQ;BARRANQUILLA-E. CORTISSOZ;BARRANQUILLA;COLOMBIA;MDE;RIONEGRO - JOSE M. CORDOVA;RIONEGRO - ANTIOQUIA;COLOMBIA;N;9;0;298;4912;;
INTEREJECUTIVA;21/03/2024;BOG;BOGOTA - EL DORADO LUIS CARLOS GALAN SARMIENTO;BOGOTA;COLOMBIA;MDE;RIONEGRO - JOSE M. CORDOVA;RIONEGRO - ANTIOQUIA;COLOMBIA;N;22;0;1933;4417.5;;
INTEREJECUTIVA;10/05/2024;CLO;CALI - ALFONSO BONILLA ARAGON;CALI;COLOMBIA;BOG;BOGOTA - EL DORADO LUIS CARLOS GALAN SARMIENTO;BOGOTA;COLOMBIA;N;8;0;3687;7819.5;;
INTEREJECUTIVA;7/05/2024;CTG;CARTAGENA - RAFAEL NUÑEZ;CARTAGENA;COLOMBIA;MDE;RIONEGRO - JOSE M. CORDOVA;RIONEGRO - ANTIOQUIA;COLOMBIA;N;0;0;4124;9843;;
INTEREJECUTIVA;26/07/2024;EYP;EL YOPAL;EL YOPAL;COLOMBIA;MDE;RIONEGRO - JOSE M. CORDOVA;RIONEGRO - ANTIOQUIA;COLOMBIA;N;9;0;3521;7377.5;;
INTEREJECUTIVA;1/05/2024;GUA;LA AURORA;GUATEMALA;GUATEMALA;BOG;BOGOTA - EL DORADO LUIS CARLOS GALAN SARMIENTO;BOGOTA;COLOMBIA;I;4;0;785;4091.5;;
INTEREJECUTIVA;17/05/2024;IQT;CORONEL FAP FRANCISCO SECADA VIGNET;IQUITOS;PERU;CTG;CARTAGENA - RAFAEL NUÑEZ;CARTAGENA;COLOMBIA;I;4;0;1959;4280.5;;
INTEREJECUTIVA;15/07/2024;MDE;RIONEGRO - JOSE M. CORDOVA;RIONEGRO - ANTIOQUIA;COLOMBIA;BAQ;BARRANQUILLA-E. CORTISSOZ;BARRANQUILLA;COLOMBIA;N;15;0;4345;8453.5;;
INTEREJECUTIVA;16/06/2024;MDE;RIONEGRO - JOSE M. CORDOVA;RIONEGRO - ANTIOQUIA;COLOMBIA;BOG;BOGOTA - EL DORADO LUIS CARLOS GALAN SARMIENTO;BOGOTA;COLOMBIA;N;14;0;4683;8479.5;;
INTEREJECUTIVA;8/08/2024;MDE;RIONEGRO - JOSE M. CORDOVA;RIONEGRO - ANTIOQUIA;COLOMBIA;CLO;CALI - ALFONSO BONILLA ARAGON;CALI;COLOMBIA;N;0;0;1357;2907.5;;
INTEREJECUTIVA;2/06/2024;MDE;RIONEGRO - JOSE M. CORDOVA;RIONEGRO - ANTIOQUIA;COLOMBIA;EYP;EL YOPAL;EL YOPAL;COLOMBIA;N;9;0;2736;6296;;
INTEREJECUTIVA;4/01/2024;MDE;RIONEGRO - JOSE M. CORDOVA;RIONEGRO - ANTIOQUIA;COLOMBIA;GUA;LA AURORA;GUATEMALA;GUATEMALA;I;4;0;4558;7090;;
INTEREJECUTIVA;5/07/2024;MDE;RIONEGRO - JOSE M. CORDOVA;RIONEGRO - ANTIOQUIA;COLOMBIA;IQT;CORONEL FAP FRANCISCO SECADA VIGNET;IQUITOS;PERU;I;0;0;3822;6774;;
INTEREJECUTIVA;13/02/2024;MDE;RIONEGRO - JOSE M. CORDOVA;RIONEGRO - ANTIOQUIA;COLOMBIA;MTR;MONTERIA - LOS GARZONES;MONTERIA;COLOMBIA;N;6;0;2919;5925.5;;
INTEREJECUTIVA;2/01/2024;MDE;RIONEGRO - JOSE M. CORDOVA;RIONEGRO - ANTIOQUIA;COLOMBIA;OPF;OPA LOCKA;FLORIDA;ESTADOS UNIDOS;I;10;0;2498;8392;;
INTEREJECUTIVA;27/04/2024;MDE;RIONEGRO - JOSE M. CORDOVA;RIONEGRO - ANTIOQUIA;COLOMBIA;PEI;PEREIRA - MATECAÑA;PEREIRA;COLOMBIA;N;8;0;931;2577.5;;
INTEREJECUTIVA;7/01/2024;MDE;RIONEGRO - JOSE M. CORDOVA;RIONEGRO - ANTIOQUIA;COLOMBIA;PTY;TOCUMEN INTL;PANAMA;PANAMA;I;9;0;818;1735;;
INTEREJECUTIVA;27/06/2024;MTR;MONTERIA - LOS GARZONES;MONTERIA;COLOMBIA;MDE;RIONEGRO - JOSE M. CORDOVA;RIONEGRO - ANTIOQUIA;COLOMBIA;N;6;0;2366;7044;;
INTEREJECUTIVA;9/05/2024;OPF;OPA LOCKA;FLORIDA;ESTADOS UNIDOS;MDE;RIONEGRO - JOSE M. CORDOVA;RIONEGRO - ANTIOQUIA;COLOMBIA;I;2;0;2535;7868.5;;
INTEREJECUTIVA;13/03/2024;PEI;PEREIRA - MATECAÑA;PEREIRA;COLOMBIA;MDE;RIONEGRO - JOSE M. CORDOVA;RIONEGRO - ANTIOQUIA;COLOMBIA;N;7;0;3435;9513.5;;
INTEREJECUTIVA;8/05/2024;PTY;TOCUMEN INTL;PANAMA;PANAMA;MDE;RIONEGRO - JOSE M. CORDOVA;RIONEGRO - ANTIOQUIA;COLOMBIA;I;9;0;4471;9103.5;;
AERUPIA SAS;17/05/2024;MAP;MAPIRIPAN;MAPIRIPAN;COLOMBIA;VVC;VANGUARDIA;VILLAVICENCIO;COLOMBIA;N;7;0;4463;9896.5;;
AERUPIA SAS;26/07/2024;URM;URIBE;LA URIBE;COLOMBIA;VVC;VANGUARDIA;VILLAVICENCIO;COLOMBIA;N;1;0;3638;8246;;
AERUPIA SAS;19/02/2024;VVC;VANGUARDIA;VILLAVICENCIO;COLOMBIA;MAP;MAPIRIPAN;MAPIRIPAN;COLOMBIA;N;6;0;3008;6242;;
AERUPIA SAS;13/03/2024;VVC;VANGUARDIA;VILLAVICENCIO;COLOMBIA;URM;URIBE;LA URIBE;COLOMBIA;N;1;0;3963;6592.5;;
AEROLINEAS LLANERAS ARALL LTDA.;14/01/2024;7GH;LA VENTUROSA;PUERTO CARRENO;COLOMBIA;VVC;VANGUARDIA;VILLAVICENCIO;COLOMBIA;N;4;75;2599;8882.5;;
AEROLINEAS LLANERAS ARALL LTDA.;9/07/2024;7GS;EL ENCANTO;CUMARIBO;COLOMBIA;BMG;BARRANCOMINAS;GUAINIA (BARRANCO MINAS);COLOMBIA;N;3;70;4805;9090.5;;
AEROLINEAS LLANERAS ARALL LTDA.;7/08/2024;7GS;EL ENCANTO;CUMARIBO;COLOMBIA;PIM;LA PRIMAVERA;LA PRIMAVERA;COLOMBIA;N;2;50;1766;3714;;
AEROLINEAS LLANERAS ARALL LTDA.;21/02/2024;9DE;LUNA PARK;LA PRIMAVERA;COLOMBIA;PIM;LA PRIMAVERA;LA PRIMAVERA;COLOMBIA;N;1;20;3444;10117;;
AEROLINEAS LLANERAS ARALL LTDA.;27/05/2024;9DI;SAN FELIPE;SAN FELIPE;COLOMBIA;IDA;CESAR GAVIRIA TRUJILLO;PUERTO INIRIDA;COLOMBIA;N;15;150;3020;5315;;
AEROLINEAS LLANERAS ARALL LTDA.;24/02/2024;A13;MIRITI PARANA;MIRITI-PARANA;COLOMBIA;LPD;LA PEDRERA;LA PEDRERA;COLOMBIA;N;0;0;1613;3447.5;;
AEROLINEAS LLANERAS ARALL LTDA.;4/05/2024;A13;MIRITI PARANA;MIRITI-PARANA;COLOMBIA;MVP;MITU;MITU;COLOMBIA;N;1;20;414;4434;;
AEROLINEAS LLANERAS ARALL LTDA.;19/03/2024;ACR;ARARACUARA;SOLANO;COLOMBIA;SJE;SAN JOSE DEL GUAVIARE- JORGE E GONZ;SAN JOSE DEL GUAVIARE;COLOMBIA;N;2;60;1166;4467;;
AEROLINEAS LLANERAS ARALL LTDA.;8/08/2024;BMG;BARRANCOMINAS;GUAINIA (BARRANCO MINAS);COLOMBIA;IDA;CESAR GAVIRIA TRUJILLO;PUERTO INIRIDA;COLOMBIA;N;5;50;4607;7844.5;;
AEROLINEAS LLANERAS ARALL LTDA.;1/01/2024;BMG;BARRANCOMINAS;GUAINIA (BARRANCO MINAS);COLOMBIA;PIM;LA PRIMAVERA;LA PRIMAVERA;COLOMBIA;N;0;0;3131;7316.5;;
AEROLINEAS LLANERAS ARALL LTDA.;15/07/2024;BMG;BARRANCOMINAS;GUAINIA (BARRANCO MINAS);COLOMBIA;VVC;VANGUARDIA;VILLAVICENCIO;COLOMBIA;N;18;280;3700;9399;;
AEROLINEAS LLANERAS ARALL LTDA.;28/02/2024;CRU;CARURU;CARURU;COLOMBIA;SJE;SAN JOSE DEL GUAVIARE- JORGE E GONZ;SAN JOSE DEL GUAVIARE;COLOMBIA;N;1;20;1423;2617.5;;
AEROLINEAS LLANERAS ARALL LTDA.;26/01/2024;IDA;CESAR GAVIRIA TRUJILLO;PUERTO INIRIDA;COLOMBIA;9DI;SAN FELIPE;SAN FELIPE;COLOMBIA;N;19;180;3815;9457.5;;
AEROLINEAS LLANERAS ARALL LTDA.;3/04/2024;IDA;CESAR GAVIRIA TRUJILLO;PUERTO INIRIDA;COLOMBIA;BMG;BARRANCOMINAS;GUAINIA (BARRANCO MINAS);COLOMBIA;N;0;0;3454;5544;;
AEROLINEAS LLANERAS ARALL LTDA.;21/02/2024;IDA;CESAR GAVIRIA TRUJILLO;PUERTO INIRIDA;COLOMBIA;PIM;LA PRIMAVERA;LA PRIMAVERA;COLOMBIA;N;2;50;3421;7277.5;;
AEROLINEAS LLANERAS ARALL LTDA.;11/03/2024;IDA;CESAR GAVIRIA TRUJILLO;PUERTO INIRIDA;COLOMBIA;VVC;VANGUARDIA;VILLAVICENCIO;COLOMBIA;N;5;60;1985;3604.5;;
AEROLINEAS LLANERAS ARALL LTDA.;31/01/2024;LEV;LA GAVIOTA - VICHADA;LA GAVIOTA;COLOMBIA;PCE;CUMARIBO;PUERTO CARRENO;COLOMBIA;N;1;20;779;1574.5;;
AEROLINEAS LLANERAS ARALL LTDA.;8/08/2024;LEV;LA GAVIOTA - VICHADA;LA GAVIOTA;COLOMBIA;PIM;LA PRIMAVERA;LA PRIMAVERA;COLOMBIA;N;2;60;1855;4737.5;;
AEROLINEAS LLANERAS ARALL LTDA.;21/02/2024;LEV;LA GAVIOTA - VICHADA;LA GAVIOTA;COLOMBIA;VVC;VANGUARDIA;VILLAVICENCIO;COLOMBIA;N;9;140;2811;7204.5;;
AEROLINEAS LLANERAS ARALL LTDA.;19/01/2024;LMC;LA MACARENA - META;LA MACARENA;COLOMBIA;VVC;VANGUARDIA;VILLAVICENCIO;COLOMBIA;N;155;2739;2064;6669;;
AEROLINEAS LLANERAS ARALL LTDA.;12/01/2024;LPD;LA PEDRERA;LA PEDRERA;COLOMBIA;MVP;MITU;MITU;COLOMBIA;N;1;50;897;3701.5;;
AEROLINEAS LLANERAS ARALL LTDA.;25/04/2024;LPD;LA PEDRERA;LA PEDRERA;COLOMBIA;VVC;VANGUARDIA;VILLAVICENCIO;COLOMBIA;N;2;20;501;3904.5;;
AEROLINEAS LLANERAS ARALL LTDA.;2/02/2024;LQM;PUERTO LEGUIZAMO;PUERTO LEGUIZAMO;COLOMBIA;VVC;VANGUARDIA;VILLAVICENCIO;COLOMBIA;N;1;20;1704;3511;;
AEROLINEAS LLANERAS ARALL LTDA.;15/03/2024;MAP;MAPIRIPAN;MAPIRIPAN;COLOMBIA;VVC;VANGUARDIA;VILLAVICENCIO;COLOMBIA;N;9;100;1303;4724.5;;
AEROLINEAS LLANERAS ARALL LTDA.;24/05/2024;MFS;MIRAFLORES;MIRAFLORES - GUAVIARE;COLOMBIA;SJE;SAN JOSE DEL GUAVIARE- JORGE E GONZ;SAN JOSE DEL GUAVIARE;COLOMBIA;N;5;30;3030;7543;;
AEROLINEAS LLANERAS ARALL LTDA.;20/06/2024;MVP;MITU;MITU;COLOMBIA;PCA;PACOA;PACOA;COLOMBIA;N;3;40;4704;9719;;
AEROLINEAS LLANERAS ARALL LTDA.;20/03/2024;MVP;MITU;MITU;COLOMBIA;TAR;TARAIRA;TARAIRA;COLOMBIA;N;1;20;3617;8072.5;;
AEROLINEAS LLANERAS ARALL LTDA.;16/02/2024;MVP;MITU;MITU;COLOMBIA;VVC;VANGUARDIA;VILLAVICENCIO;COLOMBIA;N;1;50;2143;3656.5;;
AEROLINEAS LLANERAS ARALL LTDA.;20/07/2024;MYY;YAVARATE;MITU;COLOMBIA;VVC;VANGUARDIA;VILLAVICENCIO;COLOMBIA;N;1;50;4750;7562;;
AEROLINEAS LLANERAS ARALL LTDA.;19/05/2024;PCA;PACOA;PACOA;COLOMBIA;A13;MIRITI PARANA;MIRITI-PARANA;COLOMBIA;N;2;20;4074;6406;;
AEROLINEAS LLANERAS ARALL LTDA.;29/05/2024;PCA;PACOA;PACOA;COLOMBIA;VVC;VANGUARDIA;VILLAVICENCIO;COLOMBIA;N;1;20;4089;7834.5;;
AEROLINEAS LLANERAS ARALL LTDA.;24/07/2024;PCE;CUMARIBO;PUERTO CARRENO;COLOMBIA;BMG;BARRANCOMINAS;GUAINIA (BARRANCO MINAS);COLOMBIA;N;0;0;1392;2565;;
AEROLINEAS LLANERAS ARALL LTDA.;11/03/2024;PCE;CUMARIBO;PUERTO CARRENO;COLOMBIA;LEV;LA GAVIOTA - VICHADA;LA GAVIOTA;COLOMBIA;N;2;2;2972;9037;;
AEROLINEAS LLANERAS ARALL LTDA.;12/02/2024;PCE;CUMARIBO;PUERTO CARRENO;COLOMBIA;PIM;LA PRIMAVERA;LA PRIMAVERA;COLOMBIA;N;0;0;4133;8190.5;;
AEROLINEAS LLANERAS ARALL LTDA.;3/08/2024;PCE;CUMARIBO;PUERTO CARRENO;COLOMBIA;VVC;VANGUARDIA;VILLAVICENCIO;COLOMBIA;N;37;495;4788;9229;;
AEROLINEAS LLANERAS ARALL LTDA.;14/07/2024;PCR;GERMAN OLANO;PUERTO CARRENO;COLOMBIA;PIM;LA PRIMAVERA;LA PRIMAVERA;COLOMBIA;N;7;170;3168;9021;;
AEROLINEAS LLANERAS ARALL LTDA.;31/01/2024;PCR;GERMAN OLANO;PUERTO CARRENO;COLOMBIA;VVC;VANGUARDIA;VILLAVICENCIO;COLOMBIA;N;5;30;3024;8814;;
AEROLINEAS LLANERAS ARALL LTDA.;18/01/2024;PCR;GERMAN OLANO;PUERTO CARRENO;COLOMBIA;VVN;NEIVA YORK - MILENA;VILLAVICENCIO;COLOMBIA;N;3;20;2947;5215.5;;
AEROLINEAS LLANERAS ARALL LTDA.;17/01/2024;PIM;LA PRIMAVERA;LA PRIMAVERA;COLOMBIA;PCE;CUMARIBO;PUERTO CARRENO;COLOMBIA;N;8;160;4813;9003.5;;
AEROLINEAS LLANERAS ARALL LTDA.;29/05/2024;PIM;LA PRIMAVERA;LA PRIMAVERA;COLOMBIA;PCR;GERMAN OLANO;PUERTO CARRENO;COLOMBIA;N;11;150;3415;7473.5;;
AEROLINEAS LLANERAS ARALL LTDA.;15/07/2024;PIM;LA PRIMAVERA;LA PRIMAVERA;COLOMBIA;SRO;SANTA ROSALIA;SANTA ROSALIA;COLOMBIA;N;4;50;887;3147.5;;
AEROLINEAS LLANERAS ARALL LTDA.;16/03/2024;PIM;LA PRIMAVERA;LA PRIMAVERA;COLOMBIA;VVC;VANGUARDIA;VILLAVICENCIO;COLOMBIA;N;39;365;2878;7396;;
AEROLINEAS LLANERAS ARALL LTDA.;19/01/2024;PUR;PUERTO ARICA;LETICIA;COLOMBIA;TAP;TARAPACA;LETICIA;COLOMBIA;N;2;50;3182;6314;;
AEROLINEAS LLANERAS ARALL LTDA.;29/05/2024;SJE;SAN JOSE DEL GUAVIARE- JORGE E GONZ;SAN JOSE DEL GUAVIARE;COLOMBIA;MFS;MIRAFLORES;MIRAFLORES - GUAVIARE;COLOMBIA;N;3;20;1656;7246;;
AEROLINEAS LLANERAS ARALL LTDA.;2/08/2024;SJE;SAN JOSE DEL GUAVIARE- JORGE E GONZ;SAN JOSE DEL GUAVIARE;COLOMBIA;PUR;PUERTO ARICA;LETICIA;COLOMBIA;N;0;20;2764;5630;;
AEROLINEAS LLANERAS ARALL LTDA.;4/08/2024;SJE;SAN JOSE DEL GUAVIARE- JORGE E GONZ;SAN JOSE DEL GUAVIARE;COLOMBIA;VVC;VANGUARDIA;VILLAVICENCIO;COLOMBIA;N;11;140;2810;4815;;
AEROLINEAS LLANERAS ARALL LTDA.;31/05/2024;SRO;SANTA ROSALIA;SANTA ROSALIA;COLOMBIA;PIM;LA PRIMAVERA;LA PRIMAVERA;COLOMBIA;N;7;80;1890;5595;;
AEROLINEAS LLANERAS ARALL LTDA.;20/01/2024;SRO;SANTA ROSALIA;SANTA ROSALIA;COLOMBIA;VVC;VANGUARDIA;VILLAVICENCIO;COLOMBIA;N;16;103;3029;8550.5;;
AEROLINEAS LLANERAS ARALL LTDA.;30/06/2024;TAP;TARAPACA;LETICIA;COLOMBIA;LPD;LA PEDRERA;LA PEDRERA;COLOMBIA;N;1;50;3415;7259.5;;
AEROLINEAS LLANERAS ARALL LTDA.;22/02/2024;TAR;TARAIRA;TARAIRA;COLOMBIA;ACR;ARARACUARA;SOLANO;COLOMBIA;N;1;20;4086;10518;;
AEROLINEAS LLANERAS ARALL LTDA.;20/02/2024;TAR;TARAIRA;TARAIRA;COLOMBIA;SJE;SAN JOSE DEL GUAVIARE- JORGE E GONZ;SAN JOSE DEL GUAVIARE;COLOMBIA;N;1;50;1890;4098;;
AEROLINEAS LLANERAS ARALL LTDA.;18/06/2024;TME;TAME;TAME;COLOMBIA;VVC;VANGUARDIA;VILLAVICENCIO;COLOMBIA;N;3;50;422;3533;;
AEROLINEAS LLANERAS ARALL LTDA.;7/06/2024;VVC;VANGUARDIA;VILLAVICENCIO;COLOMBIA;7GH;LA VENTUROSA;PUERTO CARRENO;COLOMBIA;N;3;110;1977;5349.5;;
AEROLINEAS LLANERAS ARALL LTDA.;29/06/2024;VVC;VANGUARDIA;VILLAVICENCIO;COLOMBIA;7GS;EL ENCANTO;CUMARIBO;COLOMBIA;N;5;140;1292;5153;;
AEROLINEAS LLANERAS ARALL LTDA.;5/08/2024;VVC;VANGUARDIA;VILLAVICENCIO;COLOMBIA;9DE;LUNA PARK;LA PRIMAVERA;COLOMBIA;N;1;73;2025;7951.5;;
AEROLINEAS LLANERAS ARALL LTDA.;9/06/2024;VVC;VANGUARDIA;VILLAVICENCIO;COLOMBIA;A13;MIRITI PARANA;MIRITI-PARANA;COLOMBIA;N;1;27;3614;7707;;
AEROLINEAS LLANERAS ARALL LTDA.;17/05/2024;VVC;VANGUARDIA;VILLAVICENCIO;COLOMBIA;ACR;ARARACUARA;SOLANO;COLOMBIA;N;0;19;4525;9304.5;;
AEROLINEAS LLANERAS ARALL LTDA.;14/07/2024;VVC;VANGUARDIA;VILLAVICENCIO;COLOMBIA;BMG;BARRANCOMINAS;GUAINIA (BARRANCO MINAS);COLOMBIA;N;7;254;2042;7545;;
AEROLINEAS LLANERAS ARALL LTDA.;10/04/2024;VVC;VANGUARDIA;VILLAVICENCIO;COLOMBIA;CRU;CARURU;CARURU;COLOMBIA;N;1;20;4137;10388.5;;
AEROLINEAS LLANERAS ARALL LTDA.;15/06/2024;VVC;VANGUARDIA;VILLAVICENCIO;COLOMBIA;IDA;CESAR GAVIRIA TRUJILLO;PUERTO INIRIDA;COLOMBIA;N;3;141;2469;4337.5;;
AEROLINEAS LLANERAS ARALL LTDA.;7/03/2024;VVC;VANGUARDIA;VILLAVICENCIO;COLOMBIA;LEV;LA GAVIOTA - VICHADA;LA GAVIOTA;COLOMBIA;N;6;226;2589;7330.5;;
AEROLINEAS LLANERAS ARALL LTDA.;5/02/2024;VVC;VANGUARDIA;VILLAVICENCIO;COLOMBIA;LMC;LA MACARENA - META;LA MACARENA;COLOMBIA;N;122;3471;2577;7250.5;;
AEROLINEAS LLANERAS ARALL LTDA.;5/02/2024;VVC;VANGUARDIA;VILLAVICENCIO;COLOMBIA;LQM;PUERTO LEGUIZAMO;PUERTO LEGUIZAMO;COLOMBIA;N;0;18;3489;7687.5;;
AEROLINEAS LLANERAS ARALL LTDA.;6/08/2024;VVC;VANGUARDIA;VILLAVICENCIO;COLOMBIA;MAP;MAPIRIPAN;MAPIRIPAN;COLOMBIA;N;1;183;523;3296.5;;
AEROLINEAS LLANERAS ARALL LTDA.;8/07/2024;VVC;VANGUARDIA;VILLAVICENCIO;COLOMBIA;MVP;MITU;MITU;COLOMBIA;N;0;60;1844;5245;;
AEROLINEAS LLANERAS ARALL LTDA.;14/06/2024;VVC;VANGUARDIA;VILLAVICENCIO;COLOMBIA;MYY;YAVARATE;MITU;COLOMBIA;N;0;18;534;5605;;
AEROLINEAS LLANERAS ARALL LTDA.;30/01/2024;VVC;VANGUARDIA;VILLAVICENCIO;COLOMBIA;PCE;CUMARIBO;PUERTO CARRENO;COLOMBIA;N;13;273;3925;9520.5;;
AEROLINEAS LLANERAS ARALL LTDA.;4/05/2024;VVC;VANGUARDIA;VILLAVICENCIO;COLOMBIA;PCR;GERMAN OLANO;PUERTO CARRENO;COLOMBIA;N;0;50;602;2214;;
AEROLINEAS LLANERAS ARALL LTDA.;21/06/2024;VVC;VANGUARDIA;VILLAVICENCIO;COLOMBIA;PIM;LA PRIMAVERA;LA PRIMAVERA;COLOMBIA;N;28;389;1098;1745;;
AEROLINEAS LLANERAS ARALL LTDA.;14/01/2024;VVC;VANGUARDIA;VILLAVICENCIO;COLOMBIA;SJE;SAN JOSE DEL GUAVIARE- JORGE E GONZ;SAN JOSE DEL GUAVIARE;COLOMBIA;N;2;63;482;923;;
AEROLINEAS LLANERAS ARALL LTDA.;24/04/2024;VVC;VANGUARDIA;VILLAVICENCIO;COLOMBIA;SRO;SANTA ROSALIA;SANTA ROSALIA;COLOMBIA;N;17;198;2175;5244.5;;
AEROLINEAS LLANERAS ARALL LTDA.;24/03/2024;VVC;VANGUARDIA;VILLAVICENCIO;COLOMBIA;TAR;TARAIRA;TARAIRA;COLOMBIA;N;1;39;1995;4830.5;;
AEROLINEAS LLANERAS ARALL LTDA.;7/04/2024;VVC;VANGUARDIA;VILLAVICENCIO;COLOMBIA;TME;TAME;TAME;COLOMBIA;N;2;50;3882;8468;;
AEROLINEAS LLANERAS ARALL LTDA.;31/03/2024;VVC;VANGUARDIA;VILLAVICENCIO;COLOMBIA;VVC;VANGUARDIA;VILLAVICENCIO;COLOMBIA;N;0;0;3897;10511.5;;
AEROLINEAS LLANERAS ARALL LTDA.;27/01/2024;VVN;NEIVA YORK - MILENA;VILLAVICENCIO;COLOMBIA;VVC;VANGUARDIA;VILLAVICENCIO;COLOMBIA;N;0;0;2716;6595;;
ARO S.A.S.;29/05/2024;A01;CAMPO ALEGRE;INIRIDA;COLOMBIA;MVP;MITU;MITU;COLOMBIA;N;2;0;4139;7224.5;;
ARO S.A.S.;2/08/2024;A07;MORICHAL VIEJO;SAN JOSE DEL GUAVIARE;COLOMBIA;MVP;MITU;MITU;COLOMBIA;N;1;0;1177;3308.5;;
ARO S.A.S.;29/01/2024;A13;MIRITI PARANA;MIRITI-PARANA;COLOMBIA;MVP;MITU;MITU;COLOMBIA;N;3;0;3811;7421.5;;
ARO S.A.S.;10/06/2024;A13;MIRITI PARANA;MIRITI-PARANA;COLOMBIA;PCA;PACOA;PACOA;COLOMBIA;N;0;0;4552;9531;;
ARO S.A.S.;8/04/2024;CRU;CARURU;CARURU;COLOMBIA;MVP;MITU;MITU;COLOMBIA;N;9;0;4116;7307;;
ARO S.A.S.;23/04/2024;LCH;LA CHORRERA - VIRGILIO BARCO VARGAS;LA CHORRERA;COLOMBIA;LPD;LA PEDRERA;LA PEDRERA;COLOMBIA;N;4;0;3185;8177.5;;
ARO S.A.S.;9/01/2024;LMC;LA MACARENA - META;LA MACARENA;COLOMBIA;VVC;VANGUARDIA;VILLAVICENCIO;COLOMBIA;N;3;0;3462;6214;;
ARO S.A.S.;7/05/2024;LPD;LA PEDRERA;LA PEDRERA;COLOMBIA;LCH;LA CHORRERA - VIRGILIO BARCO VARGAS;LA CHORRERA;COLOMBIA;N;6;100;3572;7408;;
ARO S.A.S.;7/01/2024;LPD;LA PEDRERA;LA PEDRERA;COLOMBIA;MVP;MITU;MITU;COLOMBIA;N;1;0;2648;5379;;
ARO S.A.S.;20/07/2024;LPD;LA PEDRERA;LA PEDRERA;COLOMBIA;TAR;TARAIRA;TARAIRA;COLOMBIA;N;3;0;1187;5550.5;;
ARO S.A.S.;5/01/2024;LPR;EL CIMARRON;LA PRIMAVERA;COLOMBIA;PIM;LA PRIMAVERA;LA PRIMAVERA;COLOMBIA;N;2;50;201;1176.5;;
ARO S.A.S.;12/05/2024;LPR;EL CIMARRON;LA PRIMAVERA;COLOMBIA;VVC;VANGUARDIA;VILLAVICENCIO;COLOMBIA;N;3;50;266;5133;;
ARO S.A.S.;11/02/2024;MDR;PIEDRA ÑI;MITU;COLOMBIA;MVP;MITU;MITU;COLOMBIA;N;7;60;1677;6050.5;;
ARO S.A.S.;15/02/2024;MFR;MONFORT;MITU;COLOMBIA;MVP;MITU;MITU;COLOMBIA;N;8;0;153;3664.5;;
ARO S.A.S.;5/03/2024;MGU;SAN MIGUEL - VAUPES;MITU;COLOMBIA;MVP;MITU;MITU;COLOMBIA;N;4;50;4509;10735.5;;
ARO S.A.S.;31/05/2024;MIS;SANTA ISABEL - VAUPES;MITU;COLOMBIA;MVP;MITU;MITU;COLOMBIA;N;2;0;2071;5322.5;;
ARO S.A.S.;10/02/2024;MIT;WACARICUARA;MITU;COLOMBIA;MVP;MITU;MITU;COLOMBIA;N;3;250;485;3949.5;;
ARO S.A.S.;26/05/2024;MKA;KAMANAOS;MITU;COLOMBIA;MVP;MITU;MITU;COLOMBIA;N;2;0;3108;8893;;
ARO S.A.S.;8/03/2024;MPI;PIRACUARA;MITU;COLOMBIA;MVP;MITU;MITU;COLOMBIA;N;6;0;123;3821.5;;
ARO S.A.S.;7/02/2024;MSO;SONAÑA;MITU;COLOMBIA;MVP;MITU;MITU;COLOMBIA;N;0;0;2579;8599.5;;
ARO S.A.S.;13/04/2024;MTC;PAPUNAGUA - PTO. SOLANO;MITU;COLOMBIA;MVP;MITU;MITU;COLOMBIA;N;8;50;2739;6823.5;;
ARO S.A.S.;12/02/2024;MTI;TIQUIE;MITU;COLOMBIA;MVP;MITU;MITU;COLOMBIA;N;0;0;1450;3450;;
ARO S.A.S.;31/03/2024;MTN;BUENOS AIRES - VAUPES;MITU;COLOMBIA;MVP;MITU;MITU;COLOMBIA;N;16;210;4656;9756;;
ARO S.A.S.;27/01/2024;MTS;TERESITA;MITU;COLOMBIA;MVP;MITU;MITU;COLOMBIA;N;1;0;896;4258;;
ARO S.A.S.;2/01/2024;MUR;TAPURUCUARA;MITU;COLOMBIA;MVP;MITU;MITU;COLOMBIA;N;11;70;4376;8693;;
ARO S.A.S.;4/06/2024;MVA;VILLA GLADYS;MITU;COLOMBIA;MVP;MITU;MITU;COLOMBIA;N;1;0;488;3834;;
ARO S.A.S.;5/02/2024;MVP;MITU;MITU;COLOMBIA;A01;CAMPO ALEGRE;INIRIDA;COLOMBIA;N;8;3790;879;5506.5;;
ARO S.A.S.;27/01/2024;MVP;MITU;MITU;COLOMBIA;A07;MORICHAL VIEJO;SAN JOSE DEL GUAVIARE;COLOMBIA;N;0;350;1900;7840;;
ARO S.A.S.;5/08/2024;MVP;MITU;MITU;COLOMBIA;A13;MIRITI PARANA;MIRITI-PARANA;COLOMBIA;N;6;0;3459;9705.5;;
ARO S.A.S.;21/04/2024;MVP;MITU;MITU;COLOMBIA;CRU;CARURU;CARURU;COLOMBIA;N;45;279;1430;4620;;
ARO S.A.S.;27/03/2024;MVP;MITU;MITU;COLOMBIA;LPD;LA PEDRERA;LA PEDRERA;COLOMBIA;N;3;50;4452;11061;;
ARO S.A.S.;23/04/2024;MVP;MITU;MITU;COLOMBIA;MDR;PIEDRA ÑI;MITU;COLOMBIA;N;23;1650;4955;11649.5;;
ARO S.A.S.;18/07/2024;MVP;MITU;MITU;COLOMBIA;MFR;MONFORT;MITU;COLOMBIA;N;15;1000;4665;8183.5;;
ARO S.A.S.;20/07/2024;MVP;MITU;MITU;COLOMBIA;MGU;SAN MIGUEL - VAUPES;MITU;COLOMBIA;N;18;2660;2850;4603;;
ARO S.A.S.;26/05/2024;MVP;MITU;MITU;COLOMBIA;MIS;SANTA ISABEL - VAUPES;MITU;COLOMBIA;N;10;2185;1308;5612;;
ARO S.A.S.;25/03/2024;MVP;MITU;MITU;COLOMBIA;MIT;WACARICUARA;MITU;COLOMBIA;N;17;1405;746;4768;;
ARO S.A.S.;10/04/2024;MVP;MITU;MITU;COLOMBIA;MKA;KAMANAOS;MITU;COLOMBIA;N;11;1480;1584;6527;;
ARO S.A.S.;28/07/2024;MVP;MITU;MITU;COLOMBIA;MPI;PIRACUARA;MITU;COLOMBIA;N;24;1140;4979;8681.5;;
ARO S.A.S.;22/02/2024;MVP;MITU;MITU;COLOMBIA;MSO;SONAÑA;MITU;COLOMBIA;N;0;1730;3013;6946.5;;
ARO S.A.S.;1/06/2024;MVP;MITU;MITU;COLOMBIA;MTC;PAPUNAGUA - PTO. SOLANO;MITU;COLOMBIA;N;19;1030;4920;7397;;
ARO S.A.S.;24/06/2024;MVP;MITU;MITU;COLOMBIA;MTI;TIQUIE;MITU;COLOMBIA;N;4;340;1331;2553.5;;
ARO S.A.S.;25/01/2024;MVP;MITU;MITU;COLOMBIA;MTN;BUENOS AIRES - VAUPES;MITU;COLOMBIA;N;53;5230;3236;7697;;
ARO S.A.S.;21/07/2024;MVP;MITU;MITU;COLOMBIA;MTS;TERESITA;MITU;COLOMBIA;N;3;350;3311;5990.5;;
ARO S.A.S.;29/04/2024;MVP;MITU;MITU;COLOMBIA;MUR;TAPURUCUARA;MITU;COLOMBIA;N;24;1645;1446;2781;;
ARO S.A.S.;14/04/2024;MVP;MITU;MITU;COLOMBIA;MVA;VILLA GLADYS;MITU;COLOMBIA;N;3;70;1395;2140.5;;
ARO S.A.S.;20/05/2024;MVP;MITU;MITU;COLOMBIA;MVU;LOS ANGELES;MITU;COLOMBIA;N;4;280;3240;7925;;
ARO S.A.S.;23/03/2024;MVP;MITU;MITU;COLOMBIA;MWA;WAINAMBI;MITU;COLOMBIA;N;3;50;178;5140;;
ARO S.A.S.;20/04/2024;MVP;MITU;MITU;COLOMBIA;MYA;YAPU;MITU;COLOMBIA;N;30;1230;2178;5674;;
ARO S.A.S.;15/02/2024;MVP;MITU;MITU;COLOMBIA;MYY;YAVARATE;MITU;COLOMBIA;N;9;2015;4423;7448.5;;
ARO S.A.S.;25/05/2024;MVP;MITU;MITU;COLOMBIA;PCA;PACOA;PACOA;COLOMBIA;N;15;50;359;1807.5;;
ARO S.A.S.;18/03/2024;MVP;MITU;MITU;COLOMBIA;TAR;TARAIRA;TARAIRA;COLOMBIA;N;26;1675;3706;5857;;
ARO S.A.S.;29/01/2024;MVP;MITU;MITU;COLOMBIA;VVC;VANGUARDIA;VILLAVICENCIO;COLOMBIA;N;5;100;1512;3982;;
ARO S.A.S.;25/04/2024;MVU;LOS ANGELES;MITU;COLOMBIA;MVP;MITU;MITU;COLOMBIA;N;1;0;3556;6768;;
ARO S.A.S.;24/06/2024;MWA;WAINAMBI;MITU;COLOMBIA;MVP;MITU;MITU;COLOMBIA;N;1;50;1673;4223.5;;
ARO S.A.S.;26/02/2024;MYA;YAPU;MITU;COLOMBIA;MVP;MITU;MITU;COLOMBIA;N;4;0;1247;5611.5;;
ARO S.A.S.;3/04/2024;MYY;YAVARATE;MITU;COLOMBIA;MVP;MITU;MITU;COLOMBIA;N;1;0;4250;10449;;
ARO S.A.S.;10/06/2024;PCA;PACOA;PACOA;COLOMBIA;MTN;BUENOS AIRES - VAUPES;MITU;COLOMBIA;N;3;0;4997;11201.5;;
ARO S.A.S.;3/04/2024;PCA;PACOA;PACOA;COLOMBIA;MVP;MITU;MITU;COLOMBIA;N;5;0;4178;9214;;
ARO S.A.S.;23/04/2024;PCE;CUMARIBO;PUERTO CARRENO;COLOMBIA;VVC;VANGUARDIA;VILLAVICENCIO;COLOMBIA;N;5;100;174;4856;;
ARO S.A.S.;30/04/2024;PGM;PUERTO GAITAN;PUERTO GAITAN;COLOMBIA;VVC;VANGUARDIA;VILLAVICENCIO;COLOMBIA;N;2;0;4724;8912;;
ARO S.A.S.;11/03/2024;PIM;LA PRIMAVERA;LA PRIMAVERA;COLOMBIA;SRO;SANTA ROSALIA;SANTA ROSALIA;COLOMBIA;N;1;150;4539;11507.5;;
ARO S.A.S.;3/01/2024;PIM;LA PRIMAVERA;LA PRIMAVERA;COLOMBIA;VVC;VANGUARDIA;VILLAVICENCIO;COLOMBIA;N;3;80;394;3620;;
ARO S.A.S.;18/04/2024;PTC;LA VICTORIA;PUERTO CARRENO;COLOMBIA;PIM;LA PRIMAVERA;LA PRIMAVERA;COLOMBIA;N;1;150;711;3328.5;;
ARO S.A.S.;19/03/2024;TAR;TARAIRA;TARAIRA;COLOMBIA;MFR;MONFORT;MITU;COLOMBIA;N;3;0;923;5013.5;;
ARO S.A.S.;11/03/2024;TAR;TARAIRA;TARAIRA;COLOMBIA;MVP;MITU;MITU;COLOMBIA;N;12;100;3343;9187.5;;
ARO S.A.S.;9/07/2024;VVC;VANGUARDIA;VILLAVICENCIO;COLOMBIA;LMC;LA MACARENA - META;LA MACARENA;COLOMBIA;N;3;50;1250;6854;;
ARO S.A.S.;22/06/2024;VVC;VANGUARDIA;VILLAVICENCIO;COLOMBIA;LPR;EL CIMARRON;LA PRIMAVERA;COLOMBIA;N;3;250;2449;7994.5;;
ARO S.A.S.;12/03/2024;VVC;VANGUARDIA;VILLAVICENCIO;COLOMBIA;MVP;MITU;MITU;COLOMBIA;N;0;150;3064;6044;;
ARO S.A.S.;7/04/2024;VVC;VANGUARDIA;VILLAVICENCIO;COLOMBIA;PCE;CUMARIBO;PUERTO CARRENO;COLOMBIA;N;5;100;747;6078.5;;
ARO S.A.S.;19/04/2024;VVC;VANGUARDIA;VILLAVICENCIO;COLOMBIA;PGM;PUERTO GAITAN;PUERTO GAITAN;COLOMBIA;N;2;50;1139;3723.5;;
ARO S.A.S.;13/06/2024;VVC;VANGUARDIA;VILLAVICENCIO;COLOMBIA;PTC;LA VICTORIA;PUERTO CARRENO;COLOMBIA;N;1;150;3927;10689.5;;
ARO S.A.S.;21/03/2024;VVC;VANGUARDIA;VILLAVICENCIO;COLOMBIA;VVC;VANGUARDIA;VILLAVICENCIO;COLOMBIA;N;0;0;1604;5267;;
AVIOCESAR;12/02/2024;BAQ;BARRANQUILLA-E. CORTISSOZ;BARRANQUILLA;COLOMBIA;BOG;BOGOTA - EL DORADO LUIS CARLOS GALAN SARMIENTO;BOGOTA;COLOMBIA;N;1;0;2267;3611.5;;
AVIOCESAR;27/06/2024;BAQ;BARRANQUILLA-E. CORTISSOZ;BARRANQUILLA;COLOMBIA;CTG;CARTAGENA - RAFAEL NUÑEZ;CARTAGENA;COLOMBIA;N;0;0;4398;9899;;
AVIOCESAR;2/06/2024;BAQ;BARRANQUILLA-E. CORTISSOZ;BARRANQUILLA;COLOMBIA;CZU;COROZAL - LAS BRUJAS;COROZAL;COLOMBIA;N;5;0;1005;6369.5;;
AVIOCESAR;9/03/2024;BAQ;BARRANQUILLA-E. CORTISSOZ;BARRANQUILLA;COLOMBIA;EJA;BARRANCABERMEJA-YARIGUIES;BARRANCABERMEJA;COLOMBIA;N;3;0;4962;8490;;
AVIOCESAR;18/02/2024;BAQ;BARRANQUILLA-E. CORTISSOZ;BARRANQUILLA;COLOMBIA;MTR;MONTERIA - LOS GARZONES;MONTERIA;COLOMBIA;N;0;0;1814;7681;;
AVIOCESAR;12/03/2024;BAQ;BARRANQUILLA-E. CORTISSOZ;BARRANQUILLA;COLOMBIA;RCH;ALMIRANTE PADILLA;RIOHACHA;COLOMBIA;N;0;0;1302;3104;;
AVIOCESAR;7/01/2024;BAQ;BARRANQUILLA-E. CORTISSOZ;BARRANQUILLA;COLOMBIA;SMR;SIMON BOLIVAR;SANTA MARTA;COLOMBIA;N;4;0;2590;8257;;
AVIOCESAR;24/04/2024;BAQ;BARRANQUILLA-E. CORTISSOZ;BARRANQUILLA;COLOMBIA;VUP;ALFONSO LOPEZ PUMAREJO.;VALLEDUPAR;COLOMBIA;N;10;0;737;2186.5;;
AVIOCESAR;28/04/2024;BAQ;BARRANQUILLA-E. CORTISSOZ;BARRANQUILLA;COLOMBIA;VVC;VANGUARDIA;VILLAVICENCIO;COLOMBIA;N;2;0;574;3365;;
AVIOCESAR;1/07/2024;BOG;BOGOTA - EL DORADO LUIS CARLOS GALAN SARMIENTO;BOGOTA;COLOMBIA;BAQ;BARRANQUILLA-E. CORTISSOZ;BARRANQUILLA;COLOMBIA;N;1;0;2822;5434;;
AVIOCESAR;3/02/2024;BOG;BOGOTA - EL DORADO LUIS CARLOS GALAN SARMIENTO;BOGOTA;COLOMBIA;MDE;RIONEGRO - JOSE M. CORDOVA;RIONEGRO - ANTIOQUIA;COLOMBIA;N;1;0;875;2969.5;;
AVIOCESAR;29/03/2024;CTG;CARTAGENA - RAFAEL NUÑEZ;CARTAGENA;COLOMBIA;BAQ;BARRANQUILLA-E. CORTISSOZ;BARRANQUILLA;COLOMBIA;N;0;0;4251;9101.5;;
AVIOCESAR;18/02/2024;CTG;CARTAGENA - RAFAEL NUÑEZ;CARTAGENA;COLOMBIA;CTG;CARTAGENA - RAFAEL NUÑEZ;CARTAGENA;COLOMBIA;N;1;0;3244;8839;;
AVIOCESAR;21/04/2024;CTG;CARTAGENA - RAFAEL NUÑEZ;CARTAGENA;COLOMBIA;NCI;NECOCLI;NECOCLI;COLOMBIA;N;2;0;1600;3415;;
AVIOCESAR;10/05/2024;CTG;CARTAGENA - RAFAEL NUÑEZ;CARTAGENA;COLOMBIA;PRO;PORORO;CODAZZI;COLOMBIA;N;16;0;1700;3989;;
AVIOCESAR;27/02/2024;CZU;COROZAL - LAS BRUJAS;COROZAL;COLOMBIA;BAQ;BARRANQUILLA-E. CORTISSOZ;BARRANQUILLA;COLOMBIA;N;0;0;4433;11561.5;;
AVIOCESAR;27/07/2024;EJA;BARRANCABERMEJA-YARIGUIES;BARRANCABERMEJA;COLOMBIA;BAQ;BARRANQUILLA-E. CORTISSOZ;BARRANQUILLA;COLOMBIA;N;3;0;3540;10277;;
AVIOCESAR;3/03/2024;MDE;RIONEGRO - JOSE M. CORDOVA;RIONEGRO - ANTIOQUIA;COLOMBIA;BOG;BOGOTA - EL DORADO LUIS CARLOS GALAN SARMIENTO;BOGOTA;COLOMBIA;N;1;0;2106;3310;;
AVIOCESAR;23/03/2024;MTR;MONTERIA - LOS GARZONES;MONTERIA;COLOMBIA;BAQ;BARRANQUILLA-E. CORTISSOZ;BARRANQUILLA;COLOMBIA;N;1;0;2454;5750;;
AVIOCESAR;16/06/2024;NCI;NECOCLI;NECOCLI;COLOMBIA;CTG;CARTAGENA - RAFAEL NUÑEZ;CARTAGENA;COLOMBIA;N;2;0;804;4237;;
AVIOCESAR;25/04/2024;PRO;PORORO;CODAZZI;COLOMBIA;BAQ;BARRANQUILLA-E. CORTISSOZ;BARRANQUILLA;COLOMBIA;N;0;0;4123;10018.5;;
AVIOCESAR;1/05/2024;PRO;PORORO;CODAZZI;COLOMBIA;CTG;CARTAGENA - RAFAEL NUÑEZ;CARTAGENA;COLOMBIA;N;5;0;4115;11044.5;;
AVIOCESAR;11/04/2024;RCH;ALMIRANTE PADILLA;RIOHACHA;COLOMBIA;BAQ;BARRANQUILLA-E. CORTISSOZ;BARRANQUILLA;COLOMBIA;N;4;0;4983;8302.5;;
AVIOCESAR;9/01/2024;SMR;SIMON BOLIVAR;SANTA MARTA;COLOMBIA;BAQ;BARRANQUILLA-E. CORTISSOZ;BARRANQUILLA;COLOMBIA;N;0;0;3541;6329.5;;
AVIOCESAR;12/01/2024;SMR;SIMON BOLIVAR;SANTA MARTA;COLOMBIA;MTR;MONTERIA - LOS GARZONES;MONTERIA;COLOMBIA;N;5;0;4513;7346.5;;
AVIOCESAR;15/04/2024;VUP;ALFONSO LOPEZ PUMAREJO.;VALLEDUPAR;COLOMBIA;BAQ;BARRANQUILLA-E. CORTISSOZ;BARRANQUILLA;COLOMBIA;N;10;0;2199;4845.5;;
AVIOCESAR;16/07/2024;VVC;VANGUARDIA;VILLAVICENCIO;COLOMBIA;BAQ;BARRANQUILLA-E. CORTISSOZ;BARRANQUILLA;COLOMBIA;N;4;0;4176;10267;;
NATIV AIR;3/04/2024;9CU;COROCORA;TRINIDAD;COLOMBIA;TRI;LOS TOROS;TRINIDAD;COLOMBIA;N;0;186;495;3277.5;;
NATIV AIR;13/06/2024;A06;EL ENCANTO;EL ENCANTO;COLOMBIA;TAP;TARAPACA;LETICIA;COLOMBIA;N;0;0;3636;8569;;
NATIV AIR;19/07/2024;A13;MIRITI PARANA;MIRITI-PARANA;COLOMBIA;GYM;GUAYMARAL;CHIA;COLOMBIA;N;0;90;1303;6578.5;;
NATIV AIR;24/03/2024;ACR;ARARACUARA;SOLANO;COLOMBIA;LCM;LA CANDELARIA;FUENTE DE ORO;COLOMBIA;N;0;90;2987;7885.5;;
NATIV AIR;13/07/2024;ACR;ARARACUARA;SOLANO;COLOMBIA;LET;LETICIA-ALFREDO VASQUEZ COBO;LETICIA;COLOMBIA;N;0;90;2799;6037.5;;
NATIV AIR;10/04/2024;AUC;ARAUCA - SANTIAGO PEREZ QUIROZ;ARAUCA - MUNICIPIO;COLOMBIA;GYM;GUAYMARAL;CHIA;COLOMBIA;N;0;18;3976;6255;;
NATIV AIR;14/04/2024;AUC;ARAUCA - SANTIAGO PEREZ QUIROZ;ARAUCA - MUNICIPIO;COLOMBIA;LET;LETICIA-ALFREDO VASQUEZ COBO;LETICIA;COLOMBIA;N;0;90;3222;5228;;
NATIV AIR;13/04/2024;CAA;CAÑO GANDUL;SAN LUIS DE PALENQUE;COLOMBIA;EYP;EL YOPAL;EL YOPAL;COLOMBIA;N;0;311;1789;6002.5;;
NATIV AIR;6/01/2024;CLO;CALI - ALFONSO BONILLA ARAGON;CALI;COLOMBIA;GYM;GUAYMARAL;CHIA;COLOMBIA;N;0;0;3854;6911;;
NATIV AIR;4/03/2024;CLO;CALI - ALFONSO BONILLA ARAGON;CALI;COLOMBIA;IPI;IPIALES - SAN LUIS;ALDANA;COLOMBIA;N;0;0;1634;4870;;
NATIV AIR;14/03/2024;CLO;CALI - ALFONSO BONILLA ARAGON;CALI;COLOMBIA;TCO;TUMACO - LA FLORIDA;TUMACO;COLOMBIA;N;0;0;1531;7084.5;;
NATIV AIR;7/07/2024;CPL;NAVAS PARDO - CHAPARRAL;CHAPARRAL;COLOMBIA;GYM;GUAYMARAL;CHIA;COLOMBIA;N;0;9;1522;2498;;
NATIV AIR;20/03/2024;EYP;EL YOPAL;EL YOPAL;COLOMBIA;AUC;ARAUCA - SANTIAGO PEREZ QUIROZ;ARAUCA - MUNICIPIO;COLOMBIA;N;0;227;1393;5504.5;;
NATIV AIR;21/07/2024;EYP;EL YOPAL;EL YOPAL;COLOMBIA;CAA;CAÑO GANDUL;SAN LUIS DE PALENQUE;COLOMBIA;N;5;161;2660;8559;;
NATIV AIR;15/02/2024;EYP;EL YOPAL;EL YOPAL;COLOMBIA;GYM;GUAYMARAL;CHIA;COLOMBIA;N;1;268;3957;10083.5;;
NATIV AIR;14/07/2024;EYP;EL YOPAL;EL YOPAL;COLOMBIA;ORS;SARDINAS;OROCUE;COLOMBIA;N;32;940;1365;6121.5;;
NATIV AIR;10/03/2024;EYP;EL YOPAL;EL YOPAL;COLOMBIA;TRI;LOS TOROS;TRINIDAD;COLOMBIA;N;29;831;802;4896;;
NATIV AIR;13/08/2024;EYP;EL YOPAL;EL YOPAL;COLOMBIA;VVC;VANGUARDIA;VILLAVICENCIO;COLOMBIA;N;0;64;913;2074.5;;
NATIV AIR;28/05/2024;GIR;SANTIAGO VILA;FLANDES;COLOMBIA;GIR;SANTIAGO VILA;FLANDES;COLOMBIA;N;0;20900;246;595;;
NATIV AIR;2/05/2024;GIR;SANTIAGO VILA;FLANDES;COLOMBIA;GYM;GUAYMARAL;CHIA;COLOMBIA;N;14;180;1874;5723;;
NATIV AIR;21/03/2024;GYM;GUAYMARAL;CHIA;COLOMBIA;AUC;ARAUCA - SANTIAGO PEREZ QUIROZ;ARAUCA - MUNICIPIO;COLOMBIA;N;0;9;4044;10450;;
NATIV AIR;27/02/2024;GYM;GUAYMARAL;CHIA;COLOMBIA;CPL;NAVAS PARDO - CHAPARRAL;CHAPARRAL;COLOMBIA;N;0;18;1868;3837;;
NATIV AIR;28/04/2024;GYM;GUAYMARAL;CHIA;COLOMBIA;EYP;EL YOPAL;EL YOPAL;COLOMBIA;N;0;267;4583;6946.5;;
NATIV AIR;17/07/2024;GYM;GUAYMARAL;CHIA;COLOMBIA;GIR;SANTIAGO VILA;FLANDES;COLOMBIA;N;10;270;3910;8351;;
NATIV AIR;31/03/2024;GYM;GUAYMARAL;CHIA;COLOMBIA;GYM;GUAYMARAL;CHIA;COLOMBIA;N;0;90;2740;4614;;
NATIV AIR;24/07/2024;GYM;GUAYMARAL;CHIA;COLOMBIA;IBE;PERALES;IBAGUE;COLOMBIA;N;0;147;4964;9892;;
NATIV AIR;18/05/2024;GYM;GUAYMARAL;CHIA;COLOMBIA;LMC;LA MACARENA - META;LA MACARENA;COLOMBIA;N;5;0;715;4365.5;;
NATIV AIR;14/05/2024;GYM;GUAYMARAL;CHIA;COLOMBIA;LPR;EL CIMARRON;LA PRIMAVERA;COLOMBIA;N;5;9;2693;7000.5;;
NATIV AIR;26/05/2024;GYM;GUAYMARAL;CHIA;COLOMBIA;MQU;JOSE CELESTINO MUTIS - MARIQUITA;MARIQUITA;COLOMBIA;N;0;141;409;723.5;;
NATIV AIR;24/03/2024;GYM;GUAYMARAL;CHIA;COLOMBIA;PPN;GUILLERMO LEON VALENCIA;POPAYAN;COLOMBIA;N;0;90;4093;10319.5;;
NATIV AIR;21/04/2024;GYM;GUAYMARAL;CHIA;COLOMBIA;PUU;PUERTO ASIS - 3 DE MAYO;PUERTO ASIS;COLOMBIA;N;0;27;2954;8716;;
NATIV AIR;22/01/2024;GYM;GUAYMARAL;CHIA;COLOMBIA;SGU;YAGUARITO;SAN CARLOS DE GUAROA;COLOMBIA;N;2;9;1005;6488.5;;
NATIV AIR;9/08/2024;GYM;GUAYMARAL;CHIA;COLOMBIA;SJE;SAN JOSE DEL GUAVIARE- JORGE E GONZ;SAN JOSE DEL GUAVIARE;COLOMBIA;N;12;270;1524;3181;;
NATIV AIR;10/02/2024;GYM;GUAYMARAL;CHIA;COLOMBIA;TME;TAME;TAME;COLOMBIA;N;0;9;3839;5990.5;;
NATIV AIR;8/08/2024;GYM;GUAYMARAL;CHIA;COLOMBIA;UIB;QUIBDO - EL CARAÑO;QUIBDO;COLOMBIA;N;0;45;4291;7222.5;;
NATIV AIR;9/01/2024;GYM;GUAYMARAL;CHIA;COLOMBIA;VVC;VANGUARDIA;VILLAVICENCIO;COLOMBIA;N;2;207;2367;8253.5;;
NATIV AIR;30/03/2024;IBE;PERALES;IBAGUE;COLOMBIA;GYM;GUAYMARAL;CHIA;COLOMBIA;N;0;143;740;2906;;
NATIV AIR;12/01/2024;IPI;IPIALES - SAN LUIS;ALDANA;COLOMBIA;CLO;CALI - ALFONSO BONILLA ARAGON;CALI;COLOMBIA;N;0;0;3637;6586.5;;
NATIV AIR;12/02/2024;LCH;LA CHORRERA - VIRGILIO BARCO VARGAS;LA CHORRERA;COLOMBIA;A06;EL ENCANTO;EL ENCANTO;COLOMBIA;N;0;0;4021;6959.5;;
NATIV AIR;15/06/2024;LCM;LA CANDELARIA;FUENTE DE ORO;COLOMBIA;AUC;ARAUCA - SANTIAGO PEREZ QUIROZ;ARAUCA - MUNICIPIO;COLOMBIA;N;0;90;3139;8032.5;;
NATIV AIR;17/03/2024;LET;LETICIA-ALFREDO VASQUEZ COBO;LETICIA;COLOMBIA;A13;MIRITI PARANA;MIRITI-PARANA;COLOMBIA;N;9;90;3985;10377.5;;
NATIV AIR;8/05/2024;LET;LETICIA-ALFREDO VASQUEZ COBO;LETICIA;COLOMBIA;GYM;GUAYMARAL;CHIA;COLOMBIA;N;0;117;3645;6233.5;;
NATIV AIR;17/02/2024;LET;LETICIA-ALFREDO VASQUEZ COBO;LETICIA;COLOMBIA;LPD;LA PEDRERA;LA PEDRERA;COLOMBIA;N;7;266;1766;4106;;
NATIV AIR;30/05/2024;LET;LETICIA-ALFREDO VASQUEZ COBO;LETICIA;COLOMBIA;TAP;TARAPACA;LETICIA;COLOMBIA;N;8;315;419;889.5;;
NATIV AIR;4/08/2024;LMC;LA MACARENA - META;LA MACARENA;COLOMBIA;GYM;GUAYMARAL;CHIA;COLOMBIA;N;1;0;1914;3793;;
NATIV AIR;9/06/2024;LPD;LA PEDRERA;LA PEDRERA;COLOMBIA;ACR;ARARACUARA;SOLANO;COLOMBIA;N;0;90;2622;6567;;
NATIV AIR;17/03/2024;LPD;LA PEDRERA;LA PEDRERA;COLOMBIA;LET;LETICIA-ALFREDO VASQUEZ COBO;LETICIA;COLOMBIA;N;0;0;4507;8791.5;;
NATIV AIR;16/01/2024;LPR;EL CIMARRON;LA PRIMAVERA;COLOMBIA;EYP;EL YOPAL;EL YOPAL;COLOMBIA;N;0;9;1272;3801;;
NATIV AIR;9/01/2024;MQU;JOSE CELESTINO MUTIS - MARIQUITA;MARIQUITA;COLOMBIA;GYM;GUAYMARAL;CHIA;COLOMBIA;N;0;24;2188;4489;;
NATIV AIR;27/05/2024;NVA;NEIVA - BENITO SALAS;NEIVA;COLOMBIA;GYM;GUAYMARAL;CHIA;COLOMBIA;N;0;12;4814;7694;;
NATIV AIR;6/06/2024;ORS;SARDINAS;OROCUE;COLOMBIA;EYP;EL YOPAL;EL YOPAL;COLOMBIA;N;0;540;4304;10297;;
NATIV AIR;12/07/2024;ORS;SARDINAS;OROCUE;COLOMBIA;TRD;PALMARITO 2;TRINIDAD;COLOMBIA;N;0;141;1115;4227.5;;
NATIV AIR;23/06/2024;ORS;SARDINAS;OROCUE;COLOMBIA;TRI;LOS TOROS;TRINIDAD;COLOMBIA;N;0;109;353;3664.5;;
NATIV AIR;26/03/2024;PGM;PUERTO GAITAN;PUERTO GAITAN;COLOMBIA;SJE;SAN JOSE DEL GUAVIARE- JORGE E GONZ;SAN JOSE DEL GUAVIARE;COLOMBIA;N;0;9;458;5054;;
NATIV AIR;19/05/2024;PPN;GUILLERMO LEON VALENCIA;POPAYAN;COLOMBIA;PSO;PASTO - ANTONIO NARIQO;PASTO;COLOMBIA;N;0;180;2711;6418.5;;
NATIV AIR;21/03/2024;PSO;PASTO - ANTONIO NARIQO;PASTO;COLOMBIA;GYM;GUAYMARAL;CHIA;COLOMBIA;N;0;90;124;3262;;
NATIV AIR;21/05/2024;PUU;PUERTO ASIS - 3 DE MAYO;PUERTO ASIS;COLOMBIA;GYM;GUAYMARAL;CHIA;COLOMBIA;N;0;24;3996;6477;;
NATIV AIR;29/03/2024;PUU;PUERTO ASIS - 3 DE MAYO;PUERTO ASIS;COLOMBIA;NVA;NEIVA - BENITO SALAS;NEIVA;COLOMBIA;N;0;12;2748;7664;;
NATIV AIR;5/04/2024;SGU;YAGUARITO;SAN CARLOS DE GUAROA;COLOMBIA;GYM;GUAYMARAL;CHIA;COLOMBIA;N;0;9;2165;6816.5;;
NATIV AIR;19/01/2024;SJE;SAN JOSE DEL GUAVIARE- JORGE E GONZ;SAN JOSE DEL GUAVIARE;COLOMBIA;ACR;ARARACUARA;SOLANO;COLOMBIA;N;7;267;2821;4231.5;;
NATIV AIR;7/06/2024;SJE;SAN JOSE DEL GUAVIARE- JORGE E GONZ;SAN JOSE DEL GUAVIARE;COLOMBIA;GYM;GUAYMARAL;CHIA;COLOMBIA;N;9;90;4367;9378.5;;
NATIV AIR;8/07/2024;SJE;SAN JOSE DEL GUAVIARE- JORGE E GONZ;SAN JOSE DEL GUAVIARE;COLOMBIA;LCM;LA CANDELARIA;FUENTE DE ORO;COLOMBIA;N;0;149;4076;6251;;
NATIV AIR;2/03/2024;SJE;SAN JOSE DEL GUAVIARE- JORGE E GONZ;SAN JOSE DEL GUAVIARE;COLOMBIA;VVC;VANGUARDIA;VILLAVICENCIO;COLOMBIA;N;0;9;2599;4185.5;;
NATIV AIR;16/06/2024;SVI;SAN VICENTE DEL CAGUAN;SAN VICENTE DEL CAGUAN;COLOMBIA;VVC;VANGUARDIA;VILLAVICENCIO;COLOMBIA;N;0;9;568;5430;;
NATIV AIR;20/06/2024;TAP;TARAPACA;LETICIA;COLOMBIA;LET;LETICIA-ALFREDO VASQUEZ COBO;LETICIA;COLOMBIA;N;0;90;1685;6102.5;;
NATIV AIR;9/08/2024;TAP;TARAPACA;LETICIA;COLOMBIA;LPD;LA PEDRERA;LA PEDRERA;COLOMBIA;N;0;0;2503;8717.5;;
NATIV AIR;6/03/2024;TCO;TUMACO - LA FLORIDA;TUMACO;COLOMBIA;CLO;CALI - ALFONSO BONILLA ARAGON;CALI;COLOMBIA;N;0;0;518;2193;;
NATIV AIR;13/04/2024;TME;TAME;TAME;COLOMBIA;AUC;ARAUCA - SANTIAGO PEREZ QUIROZ;ARAUCA - MUNICIPIO;COLOMBIA;N;0;0;2881;7562.5;;
NATIV AIR;2/04/2024;TRD;PALMARITO 2;TRINIDAD;COLOMBIA;EYP;EL YOPAL;EL YOPAL;COLOMBIA;N;0;170;2567;8848.5;;
NATIV AIR;3/05/2024;TRI;LOS TOROS;TRINIDAD;COLOMBIA;9CU;COROCORA;TRINIDAD;COLOMBIA;N;0;173;2725;8933.5;;
NATIV AIR;12/05/2024;TRI;LOS TOROS;TRINIDAD;COLOMBIA;CAA;CAÑO GANDUL;SAN LUIS DE PALENQUE;COLOMBIA;N;0;136;4330;9412;;
NATIV AIR;10/05/2024;TRI;LOS TOROS;TRINIDAD;COLOMBIA;EYP;EL YOPAL;EL YOPAL;COLOMBIA;N;0;573;4869;7842.5;;
NATIV AIR;28/01/2024;UIB;QUIBDO - EL CARAÑO;QUIBDO;COLOMBIA;GYM;GUAYMARAL;CHIA;COLOMBIA;N;0;27;1952;7740;;
NATIV AIR;6/05/2024;VGP;VILLA GARZON;VILLA GARZON;COLOMBIA;GYM;GUAYMARAL;CHIA;COLOMBIA;N;0;90;3978;8683;;
NATIV AIR;25/04/2024;VVC;VANGUARDIA;VILLAVICENCIO;COLOMBIA;EYP;EL YOPAL;EL YOPAL;COLOMBIA;N;0;54;4206;9430;;
NATIV AIR;4/01/2024;VVC;VANGUARDIA;VILLAVICENCIO;COLOMBIA;GYM;GUAYMARAL;CHIA;COLOMBIA;N;0;444;3899;6465.5;;
NATIV AIR;26/05/2024;VVC;VANGUARDIA;VILLAVICENCIO;COLOMBIA;PGM;PUERTO GAITAN;PUERTO GAITAN;COLOMBIA;N;0;0;601;975.5;;
NATIV AIR;24/06/2024;VVC;VANGUARDIA;VILLAVICENCIO;COLOMBIA;SVI;SAN VICENTE DEL CAGUAN;SAN VICENTE DEL CAGUAN;COLOMBIA;N;0;9;1843;6578.5;;
NATIV AIR;4/06/2024;VVC;VANGUARDIA;VILLAVICENCIO;COLOMBIA;VGP;VILLA GARZON;VILLA GARZON;COLOMBIA;N;0;664;4605;10291.5;;
LANS S.A.S;6/02/2024;9BW;LA FAZENDA;PUERTO LOPEZ;COLOMBIA;BGA;BUCARAMANGA - PALONEGRO;BUCARAMANGA;COLOMBIA;N;1;0;1965;7346.5;;
LANS S.A.S;14/04/2024;A04;SANTA ROSA DEL SUR;SANTA ROSA DEL SUR;COLOMBIA;BGA;BUCARAMANGA - PALONEGRO;BUCARAMANGA;COLOMBIA;N;10;0;1526;3131;;
LANS S.A.S;3/08/2024;AGH;AGUACHICA HACARITAMA;AGUACHICA;COLOMBIA;BGA;BUCARAMANGA - PALONEGRO;BUCARAMANGA;COLOMBIA;N;16;0;2894;7822;;
LANS S.A.S;6/02/2024;AGH;AGUACHICA HACARITAMA;AGUACHICA;COLOMBIA;OCV;OCAÑA - AGUAS CLARAS;OCANA;COLOMBIA;N;2;0;631;4472.5;;
LANS S.A.S;26/01/2024;AUC;ARAUCA - SANTIAGO PEREZ QUIROZ;ARAUCA - MUNICIPIO;COLOMBIA;AUC;ARAUCA - SANTIAGO PEREZ QUIROZ;ARAUCA - MUNICIPIO;COLOMBIA;N;2;0;3130;7840;;
LANS S.A.S;9/04/2024;AUC;ARAUCA - SANTIAGO PEREZ QUIROZ;ARAUCA - MUNICIPIO;COLOMBIA;BGA;BUCARAMANGA - PALONEGRO;BUCARAMANGA;COLOMBIA;N;2;0;1504;5348;;
LANS S.A.S;26/04/2024;AUC;ARAUCA - SANTIAGO PEREZ QUIROZ;ARAUCA - MUNICIPIO;COLOMBIA;TME;TAME;TAME;COLOMBIA;N;2;0;2459;4740.5;;
LANS S.A.S;14/02/2024;BGA;BUCARAMANGA - PALONEGRO;BUCARAMANGA;COLOMBIA;9BW;LA FAZENDA;PUERTO LOPEZ;COLOMBIA;N;1;0;856;5790;;
LANS S.A.S;30/04/2024;BGA;BUCARAMANGA - PALONEGRO;BUCARAMANGA;COLOMBIA;A04;SANTA ROSA DEL SUR;SANTA ROSA DEL SUR;COLOMBIA;N;6;0;1920;3670;;
LANS S.A.S;3/06/2024;BGA;BUCARAMANGA - PALONEGRO;BUCARAMANGA;COLOMBIA;AGH;AGUACHICA HACARITAMA;AGUACHICA;COLOMBIA;N;8;0;4003;7836.5;;
LANS S.A.S;3/05/2024;BGA;BUCARAMANGA - PALONEGRO;BUCARAMANGA;COLOMBIA;AUC;ARAUCA - SANTIAGO PEREZ QUIROZ;ARAUCA - MUNICIPIO;COLOMBIA;N;4;0;2789;5016.5;;
LANS S.A.S;29/05/2024;BGA;BUCARAMANGA - PALONEGRO;BUCARAMANGA;COLOMBIA;CIM;CIMITARRA GUSTAVO ROJAS;CIMITARRA;COLOMBIA;N;6;0;163;2751.5;;
LANS S.A.S;18/05/2024;BGA;BUCARAMANGA - PALONEGRO;BUCARAMANGA;COLOMBIA;OCV;OCAÑA - AGUAS CLARAS;OCANA;COLOMBIA;N;19;0;4173;10191.5;;
LANS S.A.S;20/03/2024;BGA;BUCARAMANGA - PALONEGRO;BUCARAMANGA;COLOMBIA;RCH;ALMIRANTE PADILLA;RIOHACHA;COLOMBIA;N;0;0;401;2207.5;;
LANS S.A.S;31/01/2024;BGA;BUCARAMANGA - PALONEGRO;BUCARAMANGA;COLOMBIA;RVE;SARAVENA-COLONIZADORES;SARAVENA;COLOMBIA;N;11;0;3441;9237.5;;
LANS S.A.S;6/01/2024;BGA;BUCARAMANGA - PALONEGRO;BUCARAMANGA;COLOMBIA;SGL;SAN GIL - LOS POZOS;SAN GIL;COLOMBIA;N;0;0;3379;6075.5;;
LANS S.A.S;29/03/2024;BGA;BUCARAMANGA - PALONEGRO;BUCARAMANGA;COLOMBIA;SMR;SIMON BOLIVAR;SANTA MARTA;COLOMBIA;N;6;0;3526;7721;;
LANS S.A.S;29/07/2024;BGA;BUCARAMANGA - PALONEGRO;BUCARAMANGA;COLOMBIA;SVT;SAN VICENTE DE CHUCURI;SAN VICENTE DE CHUCURI;COLOMBIA;N;2;0;717;6056.5;;
LANS S.A.S;11/08/2024;BGA;BUCARAMANGA - PALONEGRO;BUCARAMANGA;COLOMBIA;TME;TAME;TAME;COLOMBIA;N;2;0;4850;9772;;
LANS S.A.S;16/03/2024;CIM;CIMITARRA GUSTAVO ROJAS;CIMITARRA;COLOMBIA;BGA;BUCARAMANGA - PALONEGRO;BUCARAMANGA;COLOMBIA;N;6;0;2674;8142;;
LANS S.A.S;18/07/2024;CTG;CARTAGENA - RAFAEL NUÑEZ;CARTAGENA;COLOMBIA;BGA;BUCARAMANGA - PALONEGRO;BUCARAMANGA;COLOMBIA;N;0;0;1747;3521.5;;
LANS S.A.S;20/04/2024;OCV;OCAÑA - AGUAS CLARAS;OCANA;COLOMBIA;AGH;AGUACHICA HACARITAMA;AGUACHICA;COLOMBIA;N;8;0;1880;3417;;
LANS S.A.S;12/03/2024;OCV;OCAÑA - AGUAS CLARAS;OCANA;COLOMBIA;BGA;BUCARAMANGA - PALONEGRO;BUCARAMANGA;COLOMBIA;N;11;0;4653;9406.5;;
LANS S.A.S;7/06/2024;RCH;ALMIRANTE PADILLA;RIOHACHA;COLOMBIA;CTG;CARTAGENA - RAFAEL NUÑEZ;CARTAGENA;COLOMBIA;N;2;0;263;1827.5;;
LANS S.A.S;2/06/2024;RVE;SARAVENA-COLONIZADORES;SARAVENA;COLOMBIA;BGA;BUCARAMANGA - PALONEGRO;BUCARAMANGA;COLOMBIA;N;14;0;2081;7726.5;;
LANS S.A.S;26/04/2024;SGL;SAN GIL - LOS POZOS;SAN GIL;COLOMBIA;BGA;BUCARAMANGA - PALONEGRO;BUCARAMANGA;COLOMBIA;N;1;0;513;3052.5;;
LANS S.A.S;22/02/2024;SMR;SIMON BOLIVAR;SANTA MARTA;COLOMBIA;BGA;BUCARAMANGA - PALONEGRO;BUCARAMANGA;COLOMBIA;N;0;0;3577;9199.5;;
LANS S.A.S;22/03/2024;SVT;SAN VICENTE DE CHUCURI;SAN VICENTE DE CHUCURI;COLOMBIA;BGA;BUCARAMANGA - PALONEGRO;BUCARAMANGA;COLOMBIA;N;2;0;3246;8797;;
LANS S.A.S;18/05/2024;TME;TAME;TAME;COLOMBIA;BGA;BUCARAMANGA - PALONEGRO;BUCARAMANGA;COLOMBIA;N;2;0;2887;7582.5;;
LANS S.A.S;8/03/2024;TME;TAME;TAME;COLOMBIA;RVE;SARAVENA-COLONIZADORES;SARAVENA;COLOMBIA;N;2;0;3618;8493;;
RIO SUR;8/04/2024;BOG;BOGOTA - EL DORADO LUIS CARLOS GALAN SARMIENTO;BOGOTA;COLOMBIA;CLO;CALI - ALFONSO BONILLA ARAGON;CALI;COLOMBIA;N;6;0;1268;4362;;
RIO SUR;8/08/2024;BOG;BOGOTA - EL DORADO LUIS CARLOS GALAN SARMIENTO;BOGOTA;COLOMBIA;MDE;RIONEGRO - JOSE M. CORDOVA;RIONEGRO - ANTIOQUIA;COLOMBIA;N;6;0;4089;9926.5;;
RIO SUR;8/08/2024;BOG;BOGOTA - EL DORADO LUIS CARLOS GALAN SARMIENTO;BOGOTA;COLOMBIA;SGL;SAN GIL - LOS POZOS;SAN GIL;COLOMBIA;N;4;0;1570;4186;;
RIO SUR;24/07/2024;CLO;CALI - ALFONSO BONILLA ARAGON;CALI;COLOMBIA;TRU;TRUJILLO/CAPITAN CARLOS MARTIN;TRUJILLO;PERU;I;6;0;1294;5506;;
RIO SUR;4/06/2024;IBE;PERALES;IBAGUE;COLOMBIA;BOG;BOGOTA - EL DORADO LUIS CARLOS GALAN SARMIENTO;BOGOTA;COLOMBIA;N;2;0;2119;6748.5;;
RIO SUR;31/05/2024;MDE;RIONEGRO - JOSE M. CORDOVA;RIONEGRO - ANTIOQUIA;COLOMBIA;BOG;BOGOTA - EL DORADO LUIS CARLOS GALAN SARMIENTO;BOGOTA;COLOMBIA;N;4;0;1215;6226.5;;
RIO SUR;17/02/2024;MDE;RIONEGRO - JOSE M. CORDOVA;RIONEGRO - ANTIOQUIA;COLOMBIA;IBE;PERALES;IBAGUE;COLOMBIA;N;6;0;1530;6684;;
RIO SUR;19/05/2024;SGL;SAN GIL - LOS POZOS;SAN GIL;COLOMBIA;BOG;BOGOTA - EL DORADO LUIS CARLOS GALAN SARMIENTO;BOGOTA;COLOMBIA;N;4;0;3424;8963;;
RIO SUR;29/07/2024;TRU;TRUJILLO/CAPITAN CARLOS MARTIN;TRUJILLO;PERU;BOG;BOGOTA - EL DORADO LUIS CARLOS GALAN SARMIENTO;BOGOTA;COLOMBIA;I;6;0;925;5583.5;;
SAER;17/06/2024;AUC;ARAUCA - SANTIAGO PEREZ QUIROZ;ARAUCA - MUNICIPIO;COLOMBIA;VVC;VANGUARDIA;VILLAVICENCIO;COLOMBIA;N;2;0;959;2296.5;;
SAER;8/02/2024;IDA;CESAR GAVIRIA TRUJILLO;PUERTO INIRIDA;COLOMBIA;VVC;VANGUARDIA;VILLAVICENCIO;COLOMBIA;N;2;0;3973;8638.5;;
SAER;25/02/2024;LQM;PUERTO LEGUIZAMO;PUERTO LEGUIZAMO;COLOMBIA;NVA;NEIVA - BENITO SALAS;NEIVA;COLOMBIA;N;2;0;3926;7905;;
SAER;15/03/2024;LQM;PUERTO LEGUIZAMO;PUERTO LEGUIZAMO;COLOMBIA;PUU;PUERTO ASIS - 3 DE MAYO;PUERTO ASIS;COLOMBIA;N;2;65;1130;2140;;
SAER;23/04/2024;MAP;MAPIRIPAN;MAPIRIPAN;COLOMBIA;VVC;VANGUARDIA;VILLAVICENCIO;COLOMBIA;N;2;0;1413;5042.5;;
SAER;14/01/2024;MFS;MIRAFLORES;MIRAFLORES - GUAVIARE;COLOMBIA;SJE;SAN JOSE DEL GUAVIARE- JORGE E GONZ;SAN JOSE DEL GUAVIARE;COLOMBIA;N;2;0;215;3476.5;;
SAER;20/07/2024;MVP;MITU;MITU;COLOMBIA;VVC;VANGUARDIA;VILLAVICENCIO;COLOMBIA;N;2;0;3181;5103.5;;
SAER;31/07/2024;NVA;NEIVA - BENITO SALAS;NEIVA;COLOMBIA;LQM;PUERTO LEGUIZAMO;PUERTO LEGUIZAMO;COLOMBIA;N;2;70;3483;5840.5;;
SAER;11/02/2024;NVA;NEIVA - BENITO SALAS;NEIVA;COLOMBIA;PUU;PUERTO ASIS - 3 DE MAYO;PUERTO ASIS;COLOMBIA;N;2;75;1919;7797.5;;
SAER;6/03/2024;NVA;NEIVA - BENITO SALAS;NEIVA;COLOMBIA;SVI;SAN VICENTE DEL CAGUAN;SAN VICENTE DEL CAGUAN;COLOMBIA;N;2;70;1059;5119.5;;
SAER;15/04/2024;NVA;NEIVA - BENITO SALAS;NEIVA;COLOMBIA;VVC;VANGUARDIA;VILLAVICENCIO;COLOMBIA;N;0;0;2926;8006;;
SAER;18/03/2024;ORC;OROCUE;OROCUE;COLOMBIA;PCE;CUMARIBO;PUERTO CARRENO;COLOMBIA;N;2;0;397;5062.5;;
SAER;25/02/2024;PCE;CUMARIBO;PUERTO CARRENO;COLOMBIA;MAP;MAPIRIPAN;MAPIRIPAN;COLOMBIA;N;2;80;3963;7431.5;;
SAER;15/02/2024;PCR;GERMAN OLANO;PUERTO CARRENO;COLOMBIA;VVC;VANGUARDIA;VILLAVICENCIO;COLOMBIA;N;4;0;1861;6050.5;;
SAER;7/07/2024;PGM;PUERTO GAITAN;PUERTO GAITAN;COLOMBIA;VVC;VANGUARDIA;VILLAVICENCIO;COLOMBIA;N;4;0;1295;4632.5;;
SAER;11/03/2024;PUU;PUERTO ASIS - 3 DE MAYO;PUERTO ASIS;COLOMBIA;NVA;NEIVA - BENITO SALAS;NEIVA;COLOMBIA;N;2;0;272;3309;;
SAER;9/07/2024;PUU;PUERTO ASIS - 3 DE MAYO;PUERTO ASIS;COLOMBIA;SVI;SAN VICENTE DEL CAGUAN;SAN VICENTE DEL CAGUAN;COLOMBIA;N;2;0;3901;8665.5;;
SAER;30/03/2024;RVE;SARAVENA-COLONIZADORES;SARAVENA;COLOMBIA;VVC;VANGUARDIA;VILLAVICENCIO;COLOMBIA;N;2;0;792;2017;;
SAER;11/02/2024;SJE;SAN JOSE DEL GUAVIARE- JORGE E GONZ;SAN JOSE DEL GUAVIARE;COLOMBIA;VVC;VANGUARDIA;VILLAVICENCIO;COLOMBIA;N;10;65;4308;7630;;
SAER;7/06/2024;SVI;SAN VICENTE DEL CAGUAN;SAN VICENTE DEL CAGUAN;COLOMBIA;LQM;PUERTO LEGUIZAMO;PUERTO LEGUIZAMO;COLOMBIA;N;2;0;3832;7200;;
SAER;16/03/2024;SVI;SAN VICENTE DEL CAGUAN;SAN VICENTE DEL CAGUAN;COLOMBIA;NVA;NEIVA - BENITO SALAS;NEIVA;COLOMBIA;N;2;70;4419;9179.5;;
SAER;22/01/2024;SVI;SAN VICENTE DEL CAGUAN;SAN VICENTE DEL CAGUAN;COLOMBIA;VVC;VANGUARDIA;VILLAVICENCIO;COLOMBIA;N;2;80;1067;5551.5;;
SAER;18/05/2024;VVC;VANGUARDIA;VILLAVICENCIO;COLOMBIA;AUC;ARAUCA - SANTIAGO PEREZ QUIROZ;ARAUCA - MUNICIPIO;COLOMBIA;N;2;75;2756;7553;;
SAER;9/04/2024;VVC;VANGUARDIA;VILLAVICENCIO;COLOMBIA;IDA;CESAR GAVIRIA TRUJILLO;PUERTO INIRIDA;COLOMBIA;N;2;70;1450;6230;;
SAER;18/03/2024;VVC;VANGUARDIA;VILLAVICENCIO;COLOMBIA;MFS;MIRAFLORES;MIRAFLORES - GUAVIARE;COLOMBIA;N;2;70;2565;7316.5;;
SAER;19/07/2024;VVC;VANGUARDIA;VILLAVICENCIO;COLOMBIA;MVP;MITU;MITU;COLOMBIA;N;2;80;1208;5137;;
SAER;26/01/2024;VVC;VANGUARDIA;VILLAVICENCIO;COLOMBIA;NVA;NEIVA - BENITO SALAS;NEIVA;COLOMBIA;N;0;0;2272;3415;;
SAER;14/05/2024;VVC;VANGUARDIA;VILLAVICENCIO;COLOMBIA;ORC;OROCUE;OROCUE;COLOMBIA;N;2;70;1308;3112;;
SAER;15/01/2024;VVC;VANGUARDIA;VILLAVICENCIO;COLOMBIA;PCR;GERMAN OLANO;PUERTO CARRENO;COLOMBIA;N;4;160;1829;3814.5;;
SAER;2/07/2024;VVC;VANGUARDIA;VILLAVICENCIO;COLOMBIA;PGM;PUERTO GAITAN;PUERTO GAITAN;COLOMBIA;N;4;145;2216;3509;;
SAER;12/01/2024;VVC;VANGUARDIA;VILLAVICENCIO;COLOMBIA;RVE;SARAVENA-COLONIZADORES;SARAVENA;COLOMBIA;N;2;85;4208;7338;;
SAER;22/04/2024;VVC;VANGUARDIA;VILLAVICENCIO;COLOMBIA;SJE;SAN JOSE DEL GUAVIARE- JORGE E GONZ;SAN JOSE DEL GUAVIARE;COLOMBIA;N;8;320;1546;6314;;
SAER;11/04/2024;VVC;VANGUARDIA;VILLAVICENCIO;COLOMBIA;SVI;SAN VICENTE DEL CAGUAN;SAN VICENTE DEL CAGUAN;COLOMBIA;N;2;0;4371;7049.5;;
SARPA S.A.S;12/02/2024;APO;ANTONIO ROLDAN BETANCOURT;CAREPA;COLOMBIA;BOG;BOGOTA - EL DORADO LUIS CARLOS GALAN SARMIENTO;BOGOTA;COLOMBIA;N;31;0;2160;4476;;
SARPA S.A.S;27/03/2024;APO;ANTONIO ROLDAN BETANCOURT;CAREPA;COLOMBIA;EOH;MEDELLIN - OLAYA HERRERA;MEDELLIN;COLOMBIA;N;28;0;1084;6320;;
SARPA S.A.S;18/06/2024;AUC;ARAUCA - SANTIAGO PEREZ QUIROZ;ARAUCA - MUNICIPIO;COLOMBIA;BOG;BOGOTA - EL DORADO LUIS CARLOS GALAN SARMIENTO;BOGOTA;COLOMBIA;N;589;0;4181;7356.5;;
SARPA S.A.S;7/02/2024;BAQ;BARRANQUILLA-E. CORTISSOZ;BARRANQUILLA;COLOMBIA;MDE;RIONEGRO - JOSE M. CORDOVA;RIONEGRO - ANTIOQUIA;COLOMBIA;N;35;0;1016;3418;;
SARPA S.A.S;8/06/2024;BOG;BOGOTA - EL DORADO LUIS CARLOS GALAN SARMIENTO;BOGOTA;COLOMBIA;APO;ANTONIO ROLDAN BETANCOURT;CAREPA;COLOMBIA;N;33;0;3789;6593.5;;
SARPA S.A.S;3/07/2024;BOG;BOGOTA - EL DORADO LUIS CARLOS GALAN SARMIENTO;BOGOTA;COLOMBIA;AUC;ARAUCA - SANTIAGO PEREZ QUIROZ;ARAUCA - MUNICIPIO;COLOMBIA;N;639;0;3917;6566.5;;
SARPA S.A.S;28/06/2024;BOG;BOGOTA - EL DORADO LUIS CARLOS GALAN SARMIENTO;BOGOTA;COLOMBIA;IDA;CESAR GAVIRIA TRUJILLO;PUERTO INIRIDA;COLOMBIA;N;858;0;4131;7619.5;;
SARPA S.A.S;17/06/2024;BOG;BOGOTA - EL DORADO LUIS CARLOS GALAN SARMIENTO;BOGOTA;COLOMBIA;MDE;RIONEGRO - JOSE M. CORDOVA;RIONEGRO - ANTIOQUIA;COLOMBIA;N;0;0;3666;6048;;
SARPA S.A.S;28/01/2024;BOG;BOGOTA - EL DORADO LUIS CARLOS GALAN SARMIENTO;BOGOTA;COLOMBIA;PCR;GERMAN OLANO;PUERTO CARRENO;COLOMBIA;N;704;0;2427;8073.5;;
SARPA S.A.S;27/05/2024;BOG;BOGOTA - EL DORADO LUIS CARLOS GALAN SARMIENTO;BOGOTA;COLOMBIA;TCO;TUMACO - LA FLORIDA;TUMACO;COLOMBIA;N;136;0;1969;4530.5;;
SARPA S.A.S;17/01/2024;EOH;MEDELLIN - OLAYA HERRERA;MEDELLIN;COLOMBIA;APO;ANTONIO ROLDAN BETANCOURT;CAREPA;COLOMBIA;N;31;0;3890;8856;;
SARPA S.A.S;19/06/2024;IDA;CESAR GAVIRIA TRUJILLO;PUERTO INIRIDA;COLOMBIA;BOG;BOGOTA - EL DORADO LUIS CARLOS GALAN SARMIENTO;BOGOTA;COLOMBIA;N;846;0;1229;3943.5;;
SARPA S.A.S;9/04/2024;MDE;RIONEGRO - JOSE M. CORDOVA;RIONEGRO - ANTIOQUIA;COLOMBIA;BAQ;BARRANQUILLA-E. CORTISSOZ;BARRANQUILLA;COLOMBIA;N;50;0;4819;7379.5;;
SARPA S.A.S;25/02/2024;MDE;RIONEGRO - JOSE M. CORDOVA;RIONEGRO - ANTIOQUIA;COLOMBIA;BOG;BOGOTA - EL DORADO LUIS CARLOS GALAN SARMIENTO;BOGOTA;COLOMBIA;N;0;0;376;3318;;
SARPA S.A.S;16/03/2024;PCR;GERMAN OLANO;PUERTO CARRENO;COLOMBIA;BOG;BOGOTA - EL DORADO LUIS CARLOS GALAN SARMIENTO;BOGOTA;COLOMBIA;N;745;0;641;4463.5;;
SARPA S.A.S;4/05/2024;TCO;TUMACO - LA FLORIDA;TUMACO;COLOMBIA;BOG;BOGOTA - EL DORADO LUIS CARLOS GALAN SARMIENTO;BOGOTA;COLOMBIA;N;140;0;1175;3228.5;;
SAVIARE LTDA;10/01/2024;7HV;LA BENDICION DE;LA PRIMAVERA;COLOMBIA;VVC;VANGUARDIA;VILLAVICENCIO;COLOMBIA;N;5;0;869;4274.5;;
SAVIARE LTDA;19/02/2024;9DI;SAN FELIPE;SAN FELIPE;COLOMBIA;IDA;CESAR GAVIRIA TRUJILLO;PUERTO INIRIDA;COLOMBIA;N;17;70;2622;8232;;
SAVIARE LTDA;15/01/2024;BMG;BARRANCOMINAS;GUAINIA (BARRANCO MINAS);COLOMBIA;IDA;CESAR GAVIRIA TRUJILLO;PUERTO INIRIDA;COLOMBIA;N;8;50;2169;5081.5;;
SAVIARE LTDA;28/01/2024;BMG;BARRANCOMINAS;GUAINIA (BARRANCO MINAS);COLOMBIA;VVC;VANGUARDIA;VILLAVICENCIO;COLOMBIA;N;8;310;4181;9786.5;;
SAVIARE LTDA;26/01/2024;CRU;CARURU;CARURU;COLOMBIA;MVP;MITU;MITU;COLOMBIA;N;13;200;3487;6719.5;;
SAVIARE LTDA;10/02/2024;GIR;SANTIAGO VILA;FLANDES;COLOMBIA;VVC;VANGUARDIA;VILLAVICENCIO;COLOMBIA;N;2;90;1162;2185;;
SAVIARE LTDA;1/03/2024;GYM;GUAYMARAL;CHIA;COLOMBIA;VVC;VANGUARDIA;VILLAVICENCIO;COLOMBIA;N;8;20;4593;8778.5;;
SAVIARE LTDA;27/03/2024;IDA;CESAR GAVIRIA TRUJILLO;PUERTO INIRIDA;COLOMBIA;9DI;SAN FELIPE;SAN FELIPE;COLOMBIA;N;20;0;4960;12433;;
SAVIARE LTDA;5/06/2024;IDA;CESAR GAVIRIA TRUJILLO;PUERTO INIRIDA;COLOMBIA;BMG;BARRANCOMINAS;GUAINIA (BARRANCO MINAS);COLOMBIA;N;5;0;844;3287;;
SAVIARE LTDA;26/02/2024;IDA;CESAR GAVIRIA TRUJILLO;PUERTO INIRIDA;COLOMBIA;VVC;VANGUARDIA;VILLAVICENCIO;COLOMBIA;N;5;0;1851;4363.5;;
SAVIARE LTDA;10/01/2024;LMC;LA MACARENA - META;LA MACARENA;COLOMBIA;VVC;VANGUARDIA;VILLAVICENCIO;COLOMBIA;N;9;20;4615;8399.5;;
SAVIARE LTDA;29/04/2024;MAP;MAPIRIPAN;MAPIRIPAN;COLOMBIA;LMC;LA MACARENA - META;LA MACARENA;COLOMBIA;N;2;50;2858;7952;;
SAVIARE LTDA;13/04/2024;MFR;MONFORT;MITU;COLOMBIA;MVP;MITU;MITU;COLOMBIA;N;0;0;3255;6500.5;;
SAVIARE LTDA;26/01/2024;MFS;MIRAFLORES;MIRAFLORES - GUAVIARE;COLOMBIA;VVC;VANGUARDIA;VILLAVICENCIO;COLOMBIA;N;5;0;2374;4336;;
SAVIARE LTDA;10/08/2024;MGU;SAN MIGUEL - VAUPES;MITU;COLOMBIA;MVP;MITU;MITU;COLOMBIA;N;1;10;3125;6419.5;;
SAVIARE LTDA;17/02/2024;MIB;BELEN DE INAMBU;MITU;COLOMBIA;MVP;MITU;MITU;COLOMBIA;N;0;0;3344;6230;;
SAVIARE LTDA;13/05/2024;MIC;IBACABA;MITU;COLOMBIA;MVP;MITU;MITU;COLOMBIA;N;0;0;178;1669;;
SAVIARE LTDA;16/05/2024;MIS;SANTA ISABEL - VAUPES;MITU;COLOMBIA;MVP;MITU;MITU;COLOMBIA;N;1;10;101;1030.5;;
SAVIARE LTDA;4/04/2024;MIT;WACARICUARA;MITU;COLOMBIA;MIB;BELEN DE INAMBU;MITU;COLOMBIA;N;0;70;1864;4065;;
SAVIARE LTDA;25/02/2024;MIT;WACARICUARA;MITU;COLOMBIA;MVP;MITU;MITU;COLOMBIA;N;0;0;2056;5765;;
SAVIARE LTDA;29/02/2024;MIT;WACARICUARA;MITU;COLOMBIA;MYA;YAPU;MITU;COLOMBIA;N;0;50;2441;6165.5;;
SAVIARE LTDA;9/07/2024;MKA;KAMANAOS;MITU;COLOMBIA;MVP;MITU;MITU;COLOMBIA;N;2;70;520;2809;;
SAVIARE LTDA;26/05/2024;MSN;SAN PABLO - VAUPES;MITU;COLOMBIA;MVP;MITU;MITU;COLOMBIA;N;0;0;3165;9124.5;;
SAVIARE LTDA;24/07/2024;MTI;TIQUIE;MITU;COLOMBIA;MVP;MITU;MITU;COLOMBIA;N;0;0;951;3755.5;;
SAVIARE LTDA;14/02/2024;MTI;TIQUIE;MITU;COLOMBIA;MYA;YAPU;MITU;COLOMBIA;N;0;50;1010;3165;;
SAVIARE LTDA;1/07/2024;MTN;BUENOS AIRES - VAUPES;MITU;COLOMBIA;MVP;MITU;MITU;COLOMBIA;N;1;10;2368;5631;;
SAVIARE LTDA;11/07/2024;MTS;TERESITA;MITU;COLOMBIA;MVP;MITU;MITU;COLOMBIA;N;0;0;3524;6850;;
SAVIARE LTDA;28/04/2024;MUR;TAPURUCUARA;MITU;COLOMBIA;MVP;MITU;MITU;COLOMBIA;N;2;70;880;5959;;
SAVIARE LTDA;25/02/2024;MVP;MITU;MITU;COLOMBIA;CRU;CARURU;CARURU;COLOMBIA;N;10;300;4530;9535;;
SAVIARE LTDA;26/02/2024;MVP;MITU;MITU;COLOMBIA;MFR;MONFORT;MITU;COLOMBIA;N;2;710;3101;6159.5;;
SAVIARE LTDA;27/01/2024;MVP;MITU;MITU;COLOMBIA;MGU;SAN MIGUEL - VAUPES;MITU;COLOMBIA;N;1;80;3147;7007.5;;
SAVIARE LTDA;10/08/2024;MVP;MITU;MITU;COLOMBIA;MIB;BELEN DE INAMBU;MITU;COLOMBIA;N;0;190;2197;4465.5;;
SAVIARE LTDA;11/02/2024;MVP;MITU;MITU;COLOMBIA;MIC;IBACABA;MITU;COLOMBIA;N;0;90;1736;6304;;
SAVIARE LTDA;26/01/2024;MVP;MITU;MITU;COLOMBIA;MIS;SANTA ISABEL - VAUPES;MITU;COLOMBIA;N;2;180;3670;7266;;
SAVIARE LTDA;29/04/2024;MVP;MITU;MITU;COLOMBIA;MIT;WACARICUARA;MITU;COLOMBIA;N;3;420;2677;5313.5;;
SAVIARE LTDA;5/08/2024;MVP;MITU;MITU;COLOMBIA;MKA;KAMANAOS;MITU;COLOMBIA;N;4;100;985;5696.5;;
SAVIARE LTDA;3/05/2024;MVP;MITU;MITU;COLOMBIA;MSN;SAN PABLO - VAUPES;MITU;COLOMBIA;N;0;210;3122;8665;;
SAVIARE LTDA;11/03/2024;MVP;MITU;MITU;COLOMBIA;MTI;TIQUIE;MITU;COLOMBIA;N;5;560;1400;6437;;
SAVIARE LTDA;16/07/2024;MVP;MITU;MITU;COLOMBIA;MTN;BUENOS AIRES - VAUPES;MITU;COLOMBIA;N;2;120;1204;3865;;
SAVIARE LTDA;27/03/2024;MVP;MITU;MITU;COLOMBIA;MTS;TERESITA;MITU;COLOMBIA;N;0;120;650;5905;;
SAVIARE LTDA;21/05/2024;MVP;MITU;MITU;COLOMBIA;MUR;TAPURUCUARA;MITU;COLOMBIA;N;3;50;3145;5780.5;;
SAVIARE LTDA;1/01/2024;MVP;MITU;MITU;COLOMBIA;MVU;LOS ANGELES;MITU;COLOMBIA;N;0;450;2706;6525;;
SAVIARE LTDA;3/05/2024;MVP;MITU;MITU;COLOMBIA;MWA;WAINAMBI;MITU;COLOMBIA;N;0;150;2685;6392.5;;
SAVIARE LTDA;24/01/2024;MVP;MITU;MITU;COLOMBIA;MYA;YAPU;MITU;COLOMBIA;N;2;45;1678;3351;;
SAVIARE LTDA;30/01/2024;MVP;MITU;MITU;COLOMBIA;MYY;YAVARATE;MITU;COLOMBIA;N;0;100;2963;5695.5;;
SAVIARE LTDA;18/04/2024;MVP;MITU;MITU;COLOMBIA;TAR;TARAIRA;TARAIRA;COLOMBIA;N;3;255;2402;7428;;
SAVIARE LTDA;26/07/2024;MVP;MITU;MITU;COLOMBIA;VVC;VANGUARDIA;VILLAVICENCIO;COLOMBIA;N;0;50;4346;8088;;
SAVIARE LTDA;22/02/2024;MVU;LOS ANGELES;MITU;COLOMBIA;MVP;MITU;MITU;COLOMBIA;N;0;0;173;4541.5;;
SAVIARE LTDA;6/04/2024;MWA;WAINAMBI;MITU;COLOMBIA;MVP;MITU;MITU;COLOMBIA;N;0;0;232;3238;;
SAVIARE LTDA;8/03/2024;MYA;YAPU;MITU;COLOMBIA;MVP;MITU;MITU;COLOMBIA;N;4;40;3595;6289.5;;
SAVIARE LTDA;3/06/2024;MYY;YAVARATE;MITU;COLOMBIA;MVP;MITU;MITU;COLOMBIA;N;0;0;3816;8476;;
SAVIARE LTDA;19/05/2024;PCE;CUMARIBO;PUERTO CARRENO;COLOMBIA;GYM;GUAYMARAL;CHIA;COLOMBIA;N;5;0;4776;10564;;
SAVIARE LTDA;18/05/2024;PCE;CUMARIBO;PUERTO CARRENO;COLOMBIA;IDA;CESAR GAVIRIA TRUJILLO;PUERTO INIRIDA;COLOMBIA;N;0;0;2894;7452;;
SAVIARE LTDA;5/04/2024;PCE;CUMARIBO;PUERTO CARRENO;COLOMBIA;SRO;SANTA ROSALIA;SANTA ROSALIA;COLOMBIA;N;0;20;1626;3621;;
SAVIARE LTDA;18/06/2024;PCE;CUMARIBO;PUERTO CARRENO;COLOMBIA;VVC;VANGUARDIA;VILLAVICENCIO;COLOMBIA;N;2;50;2405;6321.5;;
SAVIARE LTDA;5/06/2024;PCR;GERMAN OLANO;PUERTO CARRENO;COLOMBIA;VVC;VANGUARDIA;VILLAVICENCIO;COLOMBIA;N;4;210;4756;12125;;
SAVIARE LTDA;14/05/2024;PGM;PUERTO GAITAN;PUERTO GAITAN;COLOMBIA;VVC;VANGUARDIA;VILLAVICENCIO;COLOMBIA;N;4;140;2429;8436.5;;
SAVIARE LTDA;18/05/2024;PIM;LA PRIMAVERA;LA PRIMAVERA;COLOMBIA;VVC;VANGUARDIA;VILLAVICENCIO;COLOMBIA;N;10;0;4590;9392;;
SAVIARE LTDA;4/05/2024;SJE;SAN JOSE DEL GUAVIARE- JORGE E GONZ;SAN JOSE DEL GUAVIARE;COLOMBIA;VVC;VANGUARDIA;VILLAVICENCIO;COLOMBIA;N;10;310;3566;9447;;
SAVIARE LTDA;16/06/2024;SRO;SANTA ROSALIA;SANTA ROSALIA;COLOMBIA;VVC;VANGUARDIA;VILLAVICENCIO;COLOMBIA;N;5;20;1672;2853;;
SAVIARE LTDA;4/08/2024;TAR;TARAIRA;TARAIRA;COLOMBIA;MVP;MITU;MITU;COLOMBIA;N;5;60;4715;10975.5;;
SAVIARE LTDA;30/07/2024;VVC;VANGUARDIA;VILLAVICENCIO;COLOMBIA;7HV;LA BENDICION DE;LA PRIMAVERA;COLOMBIA;N;5;0;1382;3319;;
SAVIARE LTDA;12/03/2024;VVC;VANGUARDIA;VILLAVICENCIO;COLOMBIA;BMG;BARRANCOMINAS;GUAINIA (BARRANCO MINAS);COLOMBIA;N;6;635;1597;6378.5;;
SAVIARE LTDA;13/03/2024;VVC;VANGUARDIA;VILLAVICENCIO;COLOMBIA;GIR;SANTIAGO VILA;FLANDES;COLOMBIA;N;0;70;3276;9286;;
SAVIARE LTDA;8/05/2024;VVC;VANGUARDIA;VILLAVICENCIO;COLOMBIA;GYM;GUAYMARAL;CHIA;COLOMBIA;N;0;50;2863;4862.5;;
SAVIARE LTDA;20/06/2024;VVC;VANGUARDIA;VILLAVICENCIO;COLOMBIA;LMC;LA MACARENA - META;LA MACARENA;COLOMBIA;N;1;80;3198;8728;;
SAVIARE LTDA;20/02/2024;VVC;VANGUARDIA;VILLAVICENCIO;COLOMBIA;MAP;MAPIRIPAN;MAPIRIPAN;COLOMBIA;N;1;110;4292;10788;;
SAVIARE LTDA;23/04/2024;VVC;VANGUARDIA;VILLAVICENCIO;COLOMBIA;MFS;MIRAFLORES;MIRAFLORES - GUAVIARE;COLOMBIA;N;3;50;3924;7816;;
